Ticker,Ex-Div Date,Dividend,Price on Ex-Date,Annualized Yield %,Frequency,Source
PYPY,2023-11-08,0.621,8.863,84.081,monthly,yfinance
PYPY,2023-12-07,0.52,9.326,66.907,monthly,yfinance
PYPY,2024-01-05,0.566,9.5,71.491,monthly,yfinance
PYPY,2024-02-07,0.655,9.65,81.452,monthly,yfinance
PYPY,2024-03-06,0.723,9.334,92.946,monthly,yfinance
PYPY,2024-04-04,0.466,10.298,54.302,monthly,yfinance
PYPY,2024-05-06,0.942,10.765,105.012,monthly,yfinance
PYPY,2024-06-06,0.669,10.793,74.379,monthly,yfinance
PYPY,2024-07-05,0.432,9.823,52.776,monthly,yfinance
PYPY,2024-08-07,0.351,10.674,39.459,monthly,yfinance
PYPY,2024-09-06,1.619,11.682,166.309,monthly,yfinance
PYPY,2024-10-17,1.104,13.031,101.663,monthly,yfinance
PYPY,2024-11-14,0.588,13.732,51.382,monthly,yfinance
PYPY,2024-12-12,0.601,14.499,49.743,monthly,yfinance
PYPY,2025-01-08,0.426,14.3,35.747,monthly,yfinance
PYPY,2025-02-06,0.667,12.862,62.228,monthly,yfinance
PYPY,2025-03-06,0.377,11.401,39.679,monthly,yfinance
PYPY,2025-04-03,0.352,10.612,39.805,monthly,yfinance
PYPY,2025-05-01,0.552,11.276,58.745,monthly,yfinance
PYPY,2025-05-29,0.551,12.209,54.156,monthly,yfinance
PYPY,2025-06-26,0.33,12.254,32.315,monthly,yfinance
PYPY,2025-07-24,0.273,12.75,25.694,monthly,yfinance
QDTE,2024-03-26,0.364,27.948,15.629,monthly,yfinance
QDTE,2024-04-03,0.332,27.859,14.301,monthly,yfinance
QDTE,2024-04-10,0.091,27.634,3.952,monthly,yfinance
QDTE,2024-04-17,0.267,26.899,11.911,monthly,yfinance
QDTE,2024-04-24,0.334,26.931,14.882,monthly,yfinance
QDTE,2024-05-01,0.252,26.461,11.428,monthly,yfinance
QDTE,2024-05-08,0.311,27.66,13.492,monthly,yfinance
QDTE,2024-05-15,0.375,28.463,15.81,monthly,yfinance
QDTE,2024-05-22,0.212,28.489,8.93,monthly,yfinance
QDTE,2024-05-30,0.212,28.378,8.965,monthly,yfinance
QDTE,2024-06-06,0.143,29.016,5.914,monthly,yfinance
QDTE,2024-06-13,0.234,29.695,9.456,monthly,yfinance
QDTE,2024-06-20,0.298,29.868,11.973,monthly,yfinance
QDTE,2024-06-27,0.355,29.937,14.23,monthly,yfinance
QDTE,2024-07-03,0.197,30.173,7.835,monthly,yfinance
QDTE,2024-07-11,0.346,30.159,13.767,monthly,yfinance
QDTE,2024-07-18,0.31,29.638,12.551,monthly,yfinance
QDTE,2024-07-25,0.354,28.72,14.791,monthly,yfinance
QDTE,2024-08-01,0.569,28.995,23.549,monthly,yfinance
QDTE,2024-08-08,0.514,28.488,21.652,monthly,yfinance
QDTE,2024-08-15,0.476,30.088,18.984,monthly,yfinance
QDTE,2024-08-22,0.476,29.974,19.056,monthly,yfinance
QDTE,2024-08-29,0.313,29.934,12.548,monthly,yfinance
QDTE,2024-09-05,0.329,29.475,13.394,monthly,yfinance
QDTE,2024-09-12,0.446,30.052,17.809,monthly,yfinance
QDTE,2024-09-19,0.195,30.868,7.581,monthly,yfinance
QDTE,2024-09-26,0.257,31.482,9.796,monthly,yfinance
QDTE,2024-10-03,0.218,31.172,8.392,monthly,yfinance
QDTE,2024-10-10,0.27,31.756,10.203,monthly,yfinance
QDTE,2024-10-17,0.318,31.778,12.008,monthly,yfinance
QDTE,2024-10-24,0.208,31.86,7.834,monthly,yfinance
QDTE,2024-10-31,0.205,31.362,7.844,monthly,yfinance
QDTE,2024-11-07,0.265,33.242,9.566,monthly,yfinance
QDTE,2024-11-14,0.253,33.113,9.169,monthly,yfinance
QDTE,2024-11-21,0.252,32.786,9.223,monthly,yfinance
QDTE,2024-11-27,0.221,32.94,8.051,monthly,yfinance
QDTE,2024-12-05,0.236,33.65,8.416,monthly,yfinance
QDTE,2024-12-12,0.165,33.724,5.871,monthly,yfinance
QDTE,2024-12-19,0.87,32.912,31.721,monthly,yfinance
QDTE,2024-12-26,0.804,33.601,28.713,monthly,yfinance
QDTE,2025-01-02,0.298,32.573,10.979,monthly,yfinance
QDTE,2025-01-08,0.183,32.961,6.662,monthly,yfinance
QDTE,2025-01-16,0.337,32.999,12.255,monthly,yfinance
QDTE,2025-01-23,0.246,34.243,8.621,monthly,yfinance
QDTE,2025-01-30,0.188,33.531,6.728,monthly,yfinance
QDTE,2025-02-06,0.231,33.945,8.166,monthly,yfinance
QDTE,2025-02-13,0.251,34.312,8.778,monthly,yfinance
QDTE,2025-02-20,0.246,34.443,8.571,monthly,yfinance
QDTE,2025-02-27,0.26,32.255,9.673,monthly,yfinance
QDTE,2025-03-06,0.151,31.485,5.755,monthly,yfinance
QDTE,2025-03-13,0.233,30.324,9.22,monthly,yfinance
QDTE,2025-03-20,0.277,31.314,10.615,monthly,yfinance
QDTE,2025-03-27,0.236,31.617,8.957,monthly,yfinance
QDTE,2025-04-03,0.25,29.281,10.246,monthly,yfinance
QDTE,2025-04-10,0.18,27.244,7.928,monthly,yfinance
QDTE,2025-04-16,0.209,27.282,9.193,monthly,yfinance
QDTE,2025-04-24,0.24,28.52,10.098,monthly,yfinance
QDTE,2025-05-01,0.218,29.301,8.928,monthly,yfinance
QDTE,2025-05-08,0.308,29.915,12.355,monthly,yfinance
QDTE,2025-05-15,0.18,31.816,6.789,monthly,yfinance
QDTE,2025-05-22,0.172,31.513,6.55,monthly,yfinance
QDTE,2025-05-29,0.215,31.929,8.081,monthly,yfinance
QDTE,2025-06-05,0.208,32.226,7.745,monthly,yfinance
QDTE,2025-06-12,0.146,32.864,5.331,monthly,yfinance
QDTE,2025-06-18,0.205,32.622,7.541,monthly,yfinance
QDTE,2025-06-26,0.247,33.719,8.79,monthly,yfinance
QDTE,2025-07-02,0.229,33.973,8.089,monthly,yfinance
QDTE,2025-07-10,0.237,34.299,8.292,monthly,yfinance
QDTE,2025-07-17,0.239,34.664,8.274,monthly,yfinance
QDTE,2025-07-24,0.237,34.911,8.146,monthly,yfinance
QDTE,2025-07-31,0.238,35.086,8.14,monthly,yfinance
QDTE,2025-08-07,0.239,35.21,8.145,monthly,yfinance
XOMO,2023-10-06,0.286,11.65,29.46,monthly,yfinance
XOMO,2023-11-08,0.407,11.402,42.835,monthly,yfinance
XOMO,2023-12-07,0.199,11.154,21.41,monthly,yfinance
XOMO,2024-01-05,0.31,11.734,31.704,monthly,yfinance
XOMO,2024-02-07,0.222,11.525,23.116,monthly,yfinance
XOMO,2024-03-06,0.279,12.009,27.88,monthly,yfinance
XOMO,2024-04-04,0.257,12.923,23.865,monthly,yfinance
XOMO,2024-05-06,0.335,12.575,31.969,monthly,yfinance
XOMO,2024-06-06,0.301,12.426,29.068,monthly,yfinance
XOMO,2024-07-05,0.188,12.276,18.378,monthly,yfinance
XOMO,2024-08-07,0.341,12.602,32.472,monthly,yfinance
XOMO,2024-09-06,0.366,12.613,34.82,monthly,yfinance
XOMO,2024-10-03,0.254,13.497,22.584,monthly,yfinance
XOMO,2024-10-31,0.337,12.912,31.319,monthly,yfinance
XOMO,2024-11-29,0.51,13.111,46.679,monthly,yfinance
XOMO,2024-12-27,0.241,12.042,24.016,monthly,yfinance
XOMO,2025-01-23,0.349,12.367,33.864,monthly,yfinance
XOMO,2025-02-20,0.254,12.663,24.071,monthly,yfinance
XOMO,2025-03-20,0.295,12.841,27.568,monthly,yfinance
XOMO,2025-04-17,0.35,11.66,36.019,monthly,yfinance
XOMO,2025-05-15,0.398,12.097,39.481,monthly,yfinance
XOMO,2025-06-12,0.25,12.04,24.917,monthly,yfinance
XOMO,2025-07-10,0.365,12.505,35.026,monthly,yfinance
XOMO,2025-08-07,0.229,11.61,23.669,monthly,yfinance
MAXI,2022-10-26,0.014,6.348,2.647,monthly,yfinance
MAXI,2022-11-25,0.007,5.094,1.649,monthly,yfinance
MAXI,2022-12-27,0.44,5.194,101.663,monthly,yfinance
MAXI,2023-02-23,0.15,7.526,23.916,monthly,yfinance
MAXI,2023-03-27,0.15,8.403,21.422,monthly,yfinance
MAXI,2023-04-25,0.15,8.551,21.05,monthly,yfinance
MAXI,2023-05-25,0.15,8.186,21.989,monthly,yfinance
MAXI,2023-06-27,0.15,9.659,18.635,monthly,yfinance
MAXI,2023-07-26,0.15,9.144,19.684,monthly,yfinance
MAXI,2023-08-28,0.15,8.006,22.482,monthly,yfinance
MAXI,2023-09-27,0.15,8.143,22.105,monthly,yfinance
MAXI,2023-10-26,0.15,10.529,17.096,monthly,yfinance
MAXI,2023-11-27,0.15,11.335,15.88,monthly,yfinance
MAXI,2023-12-26,4.18,12.764,392.98,monthly,yfinance
MAXI,2024-01-26,0.15,12.623,14.26,monthly,yfinance
MAXI,2024-02-26,0.15,16.529,10.89,monthly,yfinance
MAXI,2024-03-25,0.15,20.917,8.605,monthly,yfinance
MAXI,2024-04-25,0.15,18.915,9.516,monthly,yfinance
MAXI,2024-05-24,0.15,20.586,8.744,monthly,yfinance
MAXI,2024-06-25,0.15,17.974,10.014,monthly,yfinance
MAXI,2024-07-26,1.0,19.561,61.347,monthly,yfinance
MAXI,2024-08-27,1.0,17.142,70.005,monthly,yfinance
MAXI,2024-09-25,1.0,17.193,69.797,monthly,yfinance
MAXI,2024-10-28,1.0,18.992,63.184,monthly,yfinance
MAXI,2024-11-25,2.0,25.828,92.923,monthly,yfinance
MAXI,2024-12-23,1.67,24.41,82.098,monthly,yfinance
MAXI,2025-01-28,0.15,27.116,6.638,monthly,yfinance
MAXI,2025-02-25,0.1,21.714,5.526,monthly,yfinance
MAXI,2025-03-26,0.1,20.43,5.874,monthly,yfinance
MAXI,2025-04-25,0.3,24.795,14.519,monthly,yfinance
MAXI,2025-05-27,0.5,32.471,18.478,monthly,yfinance
MAXI,2025-06-25,0.35,28.626,14.672,monthly,yfinance
MAXI,2025-07-28,1.0,32.764,36.626,monthly,yfinance
TSMY,2024-10-03,0.371,12.388,35.937,monthly,yfinance
TSMY,2024-10-31,0.89,12.995,82.186,monthly,yfinance
TSMY,2024-11-29,0.538,12.709,50.797,monthly,yfinance
TSMY,2024-12-27,0.807,13.644,70.977,monthly,yfinance
TSMY,2025-01-23,0.645,14.474,53.477,monthly,yfinance
TSMY,2025-02-20,0.602,13.164,54.878,monthly,yfinance
TSMY,2025-03-20,0.577,12.04,57.51,monthly,yfinance
TSMY,2025-04-17,0.564,10.747,62.973,monthly,yfinance
TSMY,2025-05-15,0.788,13.024,72.606,monthly,yfinance
TSMY,2025-06-12,0.896,14.264,75.38,monthly,yfinance
TSMY,2025-07-10,0.638,15.017,50.983,monthly,yfinance
TSMY,2025-08-07,0.954,15.7,72.917,monthly,yfinance
XDTE,2024-03-26,0.209,36.349,6.9,monthly,yfinance
XDTE,2024-04-03,0.129,36.375,4.256,monthly,yfinance
XDTE,2024-04-10,0.022,35.971,0.734,monthly,yfinance
XDTE,2024-04-17,0.195,35.198,6.648,monthly,yfinance
XDTE,2024-04-24,0.374,35.585,12.612,monthly,yfinance
XDTE,2024-05-01,0.258,35.101,8.82,monthly,yfinance
XDTE,2024-05-08,0.239,36.434,7.872,monthly,yfinance
XDTE,2024-05-15,0.344,37.285,11.071,monthly,yfinance
XDTE,2024-05-22,0.133,37.38,4.27,monthly,yfinance
XDTE,2024-05-30,0.163,36.944,5.295,monthly,yfinance
XDTE,2024-06-06,0.111,37.548,3.547,monthly,yfinance
XDTE,2024-06-13,0.203,38.125,6.39,monthly,yfinance
XDTE,2024-06-20,0.225,38.247,7.059,monthly,yfinance
XDTE,2024-06-27,0.264,38.424,8.245,monthly,yfinance
XDTE,2024-07-03,0.215,38.581,6.687,monthly,yfinance
XDTE,2024-07-11,0.237,38.752,7.339,monthly,yfinance
XDTE,2024-07-18,0.201,38.598,6.249,monthly,yfinance
XDTE,2024-07-25,0.241,37.89,7.633,monthly,yfinance
XDTE,2024-08-01,0.351,38.333,10.988,monthly,yfinance
XDTE,2024-08-08,0.412,37.721,13.107,monthly,yfinance
XDTE,2024-08-15,0.387,39.515,11.752,monthly,yfinance
XDTE,2024-08-22,0.388,39.602,11.757,monthly,yfinance
XDTE,2024-08-29,0.261,39.924,7.845,monthly,yfinance
XDTE,2024-09-05,0.312,39.318,9.522,monthly,yfinance
XDTE,2024-09-12,0.335,39.926,10.069,monthly,yfinance
XDTE,2024-09-19,0.199,40.916,5.836,monthly,yfinance
XDTE,2024-09-26,0.188,41.204,5.475,monthly,yfinance
XDTE,2024-10-03,0.229,40.976,6.706,monthly,yfinance
XDTE,2024-10-10,0.202,41.449,5.848,monthly,yfinance
XDTE,2024-10-17,0.217,41.759,6.236,monthly,yfinance
XDTE,2024-10-24,0.239,41.572,6.899,monthly,yfinance
XDTE,2024-10-31,0.155,41.048,4.531,monthly,yfinance
XDTE,2024-11-07,0.214,42.852,5.993,monthly,yfinance
XDTE,2024-11-14,0.274,42.846,7.674,monthly,yfinance
XDTE,2024-11-21,0.258,42.644,7.26,monthly,yfinance
XDTE,2024-11-27,0.186,43.078,5.181,monthly,yfinance
XDTE,2024-12-05,0.235,43.578,6.471,monthly,yfinance
XDTE,2024-12-12,0.154,43.515,4.247,monthly,yfinance
XDTE,2024-12-19,0.642,42.377,18.18,monthly,yfinance
XDTE,2024-12-26,0.606,42.938,16.936,monthly,yfinance
XDTE,2025-01-02,0.336,42.011,9.598,monthly,yfinance
XDTE,2025-01-08,0.19,42.4,5.377,monthly,yfinance
XDTE,2025-01-16,0.368,42.618,10.362,monthly,yfinance
XDTE,2025-01-23,0.214,43.836,5.858,monthly,yfinance
XDTE,2025-01-30,0.255,43.49,7.036,monthly,yfinance
XDTE,2025-02-06,0.178,43.626,4.896,monthly,yfinance
XDTE,2025-02-13,0.234,43.718,6.423,monthly,yfinance
XDTE,2025-02-20,0.22,43.813,6.026,monthly,yfinance
XDTE,2025-02-27,0.203,42.074,5.79,monthly,yfinance
XDTE,2025-03-06,0.142,41.135,4.142,monthly,yfinance
XDTE,2025-03-13,0.244,39.728,7.37,monthly,yfinance
XDTE,2025-03-20,0.325,40.971,9.519,monthly,yfinance
XDTE,2025-03-27,0.211,41.256,6.137,monthly,yfinance
XDTE,2025-04-03,0.275,38.896,8.484,monthly,yfinance
XDTE,2025-04-10,0.217,36.104,7.212,monthly,yfinance
XDTE,2025-04-16,0.236,36.377,7.785,monthly,yfinance
XDTE,2025-04-24,0.343,37.595,10.948,monthly,yfinance
XDTE,2025-05-01,0.255,38.401,7.969,monthly,yfinance
XDTE,2025-05-08,0.336,38.972,10.346,monthly,yfinance
XDTE,2025-05-15,0.24,40.807,7.058,monthly,yfinance
XDTE,2025-05-22,0.212,40.289,6.314,monthly,yfinance
XDTE,2025-05-29,0.207,40.753,6.095,monthly,yfinance
XDTE,2025-06-05,0.249,40.912,7.304,monthly,yfinance
XDTE,2025-06-12,0.193,41.666,5.558,monthly,yfinance
XDTE,2025-06-18,0.223,41.307,6.478,monthly,yfinance
XDTE,2025-06-26,0.269,42.267,7.637,monthly,yfinance
XDTE,2025-07-02,0.247,42.825,6.921,monthly,yfinance
XDTE,2025-07-10,0.254,43.174,7.06,monthly,yfinance
XDTE,2025-07-17,0.256,43.323,7.091,monthly,yfinance
XDTE,2025-07-24,0.254,43.809,6.957,monthly,yfinance
XDTE,2025-07-31,0.254,43.763,6.965,monthly,yfinance
XDTE,2025-08-07,0.257,43.695,7.058,monthly,yfinance
GDXY,2024-07-05,0.796,12.15,78.617,monthly,yfinance
GDXY,2024-08-07,0.579,11.576,60.019,monthly,yfinance
GDXY,2024-09-06,0.601,11.811,61.059,monthly,yfinance
GDXY,2024-10-10,0.606,12.549,57.949,monthly,yfinance
GDXY,2024-11-07,0.485,12.209,47.669,monthly,yfinance
GDXY,2024-12-05,0.378,11.631,39.0,monthly,yfinance
GDXY,2025-01-03,0.35,11.139,37.705,monthly,yfinance
GDXY,2025-01-30,0.594,12.165,58.594,monthly,yfinance
GDXY,2025-02-27,0.442,12.237,43.345,monthly,yfinance
GDXY,2025-03-27,0.639,13.775,55.668,monthly,yfinance
GDXY,2025-04-24,0.728,14.208,61.486,monthly,yfinance
GDXY,2025-05-22,0.374,13.83,32.452,monthly,yfinance
GDXY,2025-06-20,0.845,14.559,69.647,monthly,yfinance
GDXY,2025-07-17,0.332,14.48,27.514,monthly,yfinance
JPMO,2023-10-06,0.252,12.468,24.254,monthly,yfinance
JPMO,2023-11-08,0.518,12.103,51.359,monthly,yfinance
JPMO,2023-12-07,0.201,12.325,19.569,monthly,yfinance
JPMO,2024-01-05,0.249,13.136,22.747,monthly,yfinance
JPMO,2024-02-07,0.238,13.501,21.155,monthly,yfinance
JPMO,2024-03-06,0.493,14.32,41.314,monthly,yfinance
JPMO,2024-04-04,0.65,14.721,52.984,monthly,yfinance
JPMO,2024-05-06,0.417,14.022,35.687,monthly,yfinance
JPMO,2024-06-06,0.348,14.139,29.535,monthly,yfinance
JPMO,2024-07-05,0.221,14.364,18.463,monthly,yfinance
JPMO,2024-08-07,0.371,13.721,32.447,monthly,yfinance
JPMO,2024-09-06,0.523,14.228,44.109,monthly,yfinance
JPMO,2024-10-10,0.377,14.093,32.101,monthly,yfinance
JPMO,2024-11-07,0.35,14.876,28.233,monthly,yfinance
JPMO,2024-12-05,0.319,15.166,25.241,monthly,yfinance
JPMO,2025-01-03,0.301,14.965,24.137,monthly,yfinance
JPMO,2025-01-30,0.693,16.321,50.953,monthly,yfinance
JPMO,2025-02-27,0.295,15.763,22.458,monthly,yfinance
JPMO,2025-03-27,0.372,14.731,30.302,monthly,yfinance
JPMO,2025-04-24,0.561,14.431,46.649,monthly,yfinance
JPMO,2025-05-22,0.392,15.147,31.056,monthly,yfinance
JPMO,2025-06-20,0.277,15.889,20.92,monthly,yfinance
JPMO,2025-07-17,0.508,16.616,36.688,monthly,yfinance
DISO,2023-10-06,0.264,10.882,29.111,monthly,yfinance
DISO,2023-11-08,0.723,11.11,78.095,monthly,yfinance
DISO,2023-12-07,0.423,11.885,42.708,monthly,yfinance
DISO,2024-01-05,0.564,11.873,57.005,monthly,yfinance
DISO,2024-02-07,0.305,12.763,28.678,monthly,yfinance
DISO,2024-03-06,0.772,13.064,70.914,monthly,yfinance
DISO,2024-04-04,0.68,13.457,60.64,monthly,yfinance
DISO,2024-05-06,0.706,13.581,62.383,monthly,yfinance
DISO,2024-06-06,0.442,12.209,43.444,monthly,yfinance
DISO,2024-07-05,0.365,12.012,36.464,monthly,yfinance
DISO,2024-08-07,0.393,10.971,42.987,monthly,yfinance
DISO,2024-09-06,0.464,11.146,49.955,monthly,yfinance
DISO,2024-10-24,0.515,11.895,51.956,monthly,yfinance
DISO,2024-11-21,0.7,13.774,60.986,monthly,yfinance
DISO,2024-12-19,0.362,13.388,32.446,monthly,yfinance
DISO,2025-01-16,0.278,13.093,25.479,monthly,yfinance
DISO,2025-02-13,0.457,13.427,40.842,monthly,yfinance
DISO,2025-03-13,0.288,12.049,28.682,monthly,yfinance
DISO,2025-04-10,0.325,10.679,36.522,monthly,yfinance
DISO,2025-05-08,0.529,12.583,50.45,monthly,yfinance
DISO,2025-06-05,0.559,13.208,50.786,monthly,yfinance
DISO,2025-07-03,0.416,14.197,35.162,monthly,yfinance
DISO,2025-07-31,0.274,13.688,24.021,monthly,yfinance
BETZ,2020-12-29,0.071,25.732,3.311,monthly,yfinance
BETZ,2022-12-13,0.095,15.686,7.268,monthly,yfinance
BETZ,2024-12-30,0.162,18.9,10.286,monthly,yfinance
AMZY,2023-09-08,0.471,9.732,58.078,monthly,yfinance
AMZY,2023-10-06,0.634,9.178,82.895,monthly,yfinance
AMZY,2023-11-08,0.544,9.92,65.808,monthly,yfinance
AMZY,2023-12-07,0.469,10.243,54.947,monthly,yfinance
AMZY,2024-01-05,0.368,10.114,43.664,monthly,yfinance
AMZY,2024-02-07,0.684,11.611,70.693,monthly,yfinance
AMZY,2024-03-06,0.643,11.897,64.858,monthly,yfinance
AMZY,2024-04-04,0.697,12.564,66.569,monthly,yfinance
AMZY,2024-05-06,0.973,13.24,88.189,monthly,yfinance
AMZY,2024-06-06,0.954,13.1,87.39,monthly,yfinance
AMZY,2024-07-05,0.765,13.721,66.907,monthly,yfinance
AMZY,2024-08-07,0.474,11.634,48.892,monthly,yfinance
AMZY,2024-09-06,0.656,12.059,65.28,monthly,yfinance
AMZY,2024-10-24,0.763,12.809,71.483,monthly,yfinance
AMZY,2024-11-21,1.173,13.472,104.482,monthly,yfinance
AMZY,2024-12-19,0.862,14.515,71.262,monthly,yfinance
AMZY,2025-01-16,0.401,14.498,33.19,monthly,yfinance
AMZY,2025-02-13,0.548,15.176,43.332,monthly,yfinance
AMZY,2025-03-13,0.418,13.174,38.074,monthly,yfinance
AMZY,2025-04-10,0.488,12.579,46.555,monthly,yfinance
AMZY,2025-05-08,0.796,13.578,70.348,monthly,yfinance
AMZY,2025-06-05,0.596,14.376,49.748,monthly,yfinance
AMZY,2025-07-03,0.59,15.338,46.161,monthly,yfinance
AMZY,2025-07-31,0.642,15.98,48.21,monthly,yfinance
MSTY,2024-04-04,4.129,9.843,503.374,monthly,yfinance
MSTY,2024-05-06,2.524,8.457,358.153,monthly,yfinance
MSTY,2024-06-06,3.03,9.709,374.495,monthly,yfinance
MSTY,2024-07-05,2.332,8.237,339.729,monthly,yfinance
MSTY,2024-08-07,1.941,7.846,296.882,monthly,yfinance
MSTY,2024-09-06,1.854,7.558,294.37,monthly,yfinance
MSTY,2024-10-24,4.198,12.875,391.266,monthly,yfinance
MSTY,2024-11-21,4.421,17.206,308.342,monthly,yfinance
MSTY,2024-12-19,3.082,16.095,229.787,monthly,yfinance
MSTY,2025-01-16,2.279,17.544,155.885,monthly,yfinance
MSTY,2025-02-13,2.022,16.217,149.624,monthly,yfinance
MSTY,2025-03-13,1.378,13.298,124.346,monthly,yfinance
MSTY,2025-04-10,1.336,13.735,116.721,monthly,yfinance
MSTY,2025-05-08,2.373,19.543,145.706,monthly,yfinance
MSTY,2025-06-05,1.471,18.023,97.939,monthly,yfinance
MSTY,2025-07-03,1.238,19.677,75.499,monthly,yfinance
MSTY,2025-07-31,1.184,19.5,72.862,monthly,yfinance
USOY,2024-06-03,0.716,8.043,106.832,monthly,yfinance
USOY,2024-07-01,1.237,8.721,170.216,monthly,yfinance
USOY,2024-07-31,0.77,8.407,109.912,monthly,yfinance
USOY,2024-09-03,1.056,7.799,162.49,monthly,yfinance
USOY,2024-10-01,0.611,7.926,92.504,monthly,yfinance
USOY,2024-11-01,0.783,8.132,115.545,monthly,yfinance
USOY,2024-12-02,0.87,8.407,124.179,monthly,yfinance
USOY,2024-12-31,0.79,8.934,106.113,monthly,yfinance
USOY,2025-02-03,1.007,9.21,131.206,monthly,yfinance
USOY,2025-03-03,0.706,8.891,95.289,monthly,yfinance
USOY,2025-04-01,0.805,9.163,105.425,monthly,yfinance
USOY,2025-05-01,0.539,8.045,80.396,monthly,yfinance
USOY,2025-06-02,0.77,8.456,109.272,monthly,yfinance
USOY,2025-06-18,0.146,9.033,19.395,monthly,yfinance
USOY,2025-06-26,0.2,8.453,28.391,monthly,yfinance
USOY,2025-07-03,0.14,8.636,19.454,monthly,yfinance
USOY,2025-07-10,0.184,8.684,25.427,monthly,yfinance
USOY,2025-07-17,0.16,8.788,21.847,monthly,yfinance
USOY,2025-07-24,0.099,8.759,13.563,monthly,yfinance
USOY,2025-07-31,0.136,8.959,18.217,monthly,yfinance
USOY,2025-08-07,0.134,8.44,19.052,monthly,yfinance
BABO,2024-09-06,0.702,12.398,67.946,monthly,yfinance
BABO,2024-10-10,1.293,15.18,102.211,monthly,yfinance
BABO,2024-11-07,0.825,14.319,69.139,monthly,yfinance
BABO,2024-12-05,0.729,12.586,69.504,monthly,yfinance
BABO,2025-01-03,0.445,12.482,42.783,monthly,yfinance
BABO,2025-01-30,0.469,14.15,39.775,monthly,yfinance
BABO,2025-02-27,1.919,17.466,131.845,monthly,yfinance
BABO,2025-03-27,0.758,17.437,52.164,monthly,yfinance
BABO,2025-04-24,0.659,14.858,53.225,monthly,yfinance
BABO,2025-05-22,1.0,15.407,77.888,monthly,yfinance
BABO,2025-06-20,0.431,14.752,35.059,monthly,yfinance
BABO,2025-07-17,0.382,15.01,30.54,monthly,yfinance
AIYY,2024-01-05,1.349,6.286,257.527,monthly,yfinance
AIYY,2024-02-07,0.402,6.066,79.523,monthly,yfinance
AIYY,2024-03-06,1.063,6.275,203.267,monthly,yfinance
AIYY,2024-04-04,0.725,5.373,161.932,monthly,yfinance
AIYY,2024-05-06,0.408,5.141,95.226,monthly,yfinance
AIYY,2024-06-06,0.875,5.653,185.726,monthly,yfinance
AIYY,2024-07-05,0.397,5.416,87.97,monthly,yfinance
AIYY,2024-08-07,0.357,4.539,94.379,monthly,yfinance
AIYY,2024-09-06,0.36,4.319,100.031,monthly,yfinance
AIYY,2024-10-24,0.724,4.65,186.846,monthly,yfinance
AIYY,2024-11-21,0.86,5.849,176.445,monthly,yfinance
AIYY,2024-12-19,0.872,5.544,188.735,monthly,yfinance
AIYY,2025-01-16,0.376,5.253,85.889,monthly,yfinance
AIYY,2025-02-13,0.371,5.257,84.691,monthly,yfinance
AIYY,2025-03-13,0.322,3.6,107.347,monthly,yfinance
AIYY,2025-04-10,0.23,3.565,77.424,monthly,yfinance
AIYY,2025-05-08,0.325,3.943,98.914,monthly,yfinance
AIYY,2025-06-05,0.321,3.995,96.415,monthly,yfinance
AIYY,2025-07-03,0.16,4.078,47.085,monthly,yfinance
AIYY,2025-07-31,0.181,3.74,58.075,monthly,yfinance
FBY,2023-09-08,0.282,8.336,40.594,monthly,yfinance
FBY,2023-10-06,0.451,9.032,59.922,monthly,yfinance
FBY,2023-11-08,0.482,9.19,62.94,monthly,yfinance
FBY,2023-12-07,0.595,9.525,74.963,monthly,yfinance
FBY,2024-01-05,0.987,10.224,115.848,monthly,yfinance
FBY,2024-02-07,1.176,11.651,121.12,monthly,yfinance
FBY,2024-03-06,1.179,12.455,113.594,monthly,yfinance
FBY,2024-04-04,1.171,12.759,110.131,monthly,yfinance
FBY,2024-05-06,0.898,11.648,92.511,monthly,yfinance
FBY,2024-06-06,0.692,11.856,70.043,monthly,yfinance
FBY,2024-07-05,0.703,12.795,65.934,monthly,yfinance
FBY,2024-08-07,0.794,12.124,78.586,monthly,yfinance
FBY,2024-09-06,0.534,12.472,51.379,monthly,yfinance
FBY,2024-10-10,0.923,14.172,78.157,monthly,yfinance
FBY,2024-11-07,0.836,14.818,67.701,monthly,yfinance
FBY,2024-12-05,0.375,15.033,29.934,monthly,yfinance
FBY,2025-01-03,0.444,15.139,35.195,monthly,yfinance
FBY,2025-01-30,0.639,16.415,46.714,monthly,yfinance
FBY,2025-02-27,0.477,15.821,36.18,monthly,yfinance
FBY,2025-03-27,0.551,14.67,45.07,monthly,yfinance
FBY,2025-04-24,0.522,12.899,48.561,monthly,yfinance
FBY,2025-05-22,0.637,14.693,52.024,monthly,yfinance
FBY,2025-06-20,0.536,15.584,41.272,monthly,yfinance
FBY,2025-07-17,0.499,16.0,37.425,monthly,yfinance
OARK,2023-01-10,0.745,5.926,150.865,monthly,yfinance
OARK,2023-02-08,1.09,6.336,206.447,monthly,yfinance
OARK,2023-03-08,0.769,5.847,157.825,monthly,yfinance
OARK,2023-04-06,0.51,5.82,105.146,monthly,yfinance
OARK,2023-05-05,0.365,5.772,75.887,monthly,yfinance
OARK,2023-06-07,0.51,6.375,95.993,monthly,yfinance
OARK,2023-07-07,0.555,6.653,100.102,monthly,yfinance
OARK,2023-08-04,0.684,6.666,123.141,monthly,yfinance
OARK,2023-09-08,0.364,6.427,67.959,monthly,yfinance
OARK,2023-10-06,0.335,5.936,67.718,monthly,yfinance
OARK,2023-11-08,0.384,5.748,80.168,monthly,yfinance
OARK,2023-12-07,0.242,6.242,46.524,monthly,yfinance
OARK,2024-01-05,0.319,6.483,59.049,monthly,yfinance
OARK,2024-02-07,0.386,6.429,72.052,monthly,yfinance
OARK,2024-03-06,0.463,6.686,83.103,monthly,yfinance
OARK,2024-04-04,0.476,6.578,86.836,monthly,yfinance
OARK,2024-05-06,0.526,6.555,96.3,monthly,yfinance
OARK,2024-06-06,0.4,6.247,76.841,monthly,yfinance
OARK,2024-07-05,0.246,6.414,46.023,monthly,yfinance
OARK,2024-08-07,0.263,5.698,55.391,monthly,yfinance
OARK,2024-09-06,0.295,5.995,59.049,monthly,yfinance
OARK,2024-10-03,0.408,6.458,75.818,monthly,yfinance
OARK,2024-10-31,0.282,6.522,51.884,monthly,yfinance
OARK,2024-11-29,0.469,7.567,74.373,monthly,yfinance
OARK,2024-12-27,0.329,7.733,51.055,monthly,yfinance
OARK,2025-01-23,0.33,7.865,50.349,monthly,yfinance
OARK,2025-02-20,0.427,8.026,63.842,monthly,yfinance
OARK,2025-03-20,0.321,6.513,59.14,monthly,yfinance
OARK,2025-04-17,0.292,5.9,59.393,monthly,yfinance
OARK,2025-05-15,0.312,6.862,54.564,monthly,yfinance
OARK,2025-06-12,0.395,7.353,64.463,monthly,yfinance
OARK,2025-07-10,0.344,8.439,48.918,monthly,yfinance
OARK,2025-08-07,0.376,8.56,52.71,monthly,yfinance
CONY,2023-10-06,1.209,3.403,426.339,monthly,yfinance
CONY,2023-11-08,1.078,3.996,323.746,monthly,yfinance
CONY,2023-12-07,2.462,4.732,624.407,monthly,yfinance
CONY,2024-01-05,2.693,5.368,602.004,monthly,yfinance
CONY,2024-02-07,1.075,4.558,283.001,monthly,yfinance
CONY,2024-03-06,1.662,6.734,296.155,monthly,yfinance
CONY,2024-04-04,2.794,7.401,453.034,monthly,yfinance
CONY,2024-05-06,2.281,7.241,378.002,monthly,yfinance
CONY,2024-06-06,1.698,7.69,264.961,monthly,yfinance
CONY,2024-07-05,1.573,7.041,268.081,monthly,yfinance
CONY,2024-08-07,1.006,5.517,218.826,monthly,yfinance
CONY,2024-09-06,1.043,4.813,260.069,monthly,yfinance
CONY,2024-10-17,1.11,6.219,214.188,monthly,yfinance
CONY,2024-11-14,2.023,7.81,310.827,monthly,yfinance
CONY,2024-12-12,1.339,8.858,181.4,monthly,yfinance
CONY,2025-01-08,0.834,7.458,134.185,monthly,yfinance
CONY,2025-02-06,1.047,7.753,162.046,monthly,yfinance
CONY,2025-03-06,0.599,6.48,110.924,monthly,yfinance
CONY,2025-04-03,0.438,5.285,99.451,monthly,yfinance
CONY,2025-05-01,0.651,5.929,131.766,monthly,yfinance
CONY,2025-05-29,0.735,6.739,130.885,monthly,yfinance
CONY,2025-06-26,0.535,8.882,72.282,monthly,yfinance
CONY,2025-07-24,0.795,9.05,105.414,monthly,yfinance
SPYT,2024-04-01,0.34,15.277,26.707,monthly,yfinance
SPYT,2024-05-01,0.324,14.77,26.324,monthly,yfinance
SPYT,2024-06-03,0.33,15.46,25.614,monthly,yfinance
SPYT,2024-07-01,0.337,15.963,25.333,monthly,yfinance
SPYT,2024-07-31,0.33,16.023,24.714,monthly,yfinance
SPYT,2024-09-03,0.333,16.07,24.867,monthly,yfinance
SPYT,2024-10-01,0.334,16.527,24.252,monthly,yfinance
SPYT,2024-11-01,0.332,16.596,24.005,monthly,yfinance
SPYT,2024-12-02,0.336,17.4,23.173,monthly,yfinance
SPYT,2024-12-31,0.328,16.987,23.171,monthly,yfinance
SPYT,2025-02-03,0.327,17.222,22.784,monthly,yfinance
SPYT,2025-03-03,0.316,16.807,22.562,monthly,yfinance
SPYT,2025-04-01,0.298,16.163,22.125,monthly,yfinance
SPYT,2025-05-01,0.284,15.951,21.366,monthly,yfinance
SPYT,2025-06-02,0.3,16.892,21.311,monthly,yfinance
SPYT,2025-07-01,0.308,17.547,21.063,monthly,yfinance
SPYT,2025-08-01,0.32,17.66,21.744,monthly,yfinance
TLTW,2022-09-02,0.556,24.059,27.732,monthly,yfinance
TLTW,2022-10-04,0.644,23.018,33.574,monthly,yfinance
TLTW,2022-11-02,0.621,21.555,34.572,monthly,yfinance
TLTW,2022-12-02,0.487,23.024,25.382,monthly,yfinance
TLTW,2022-12-23,0.517,22.182,27.968,monthly,yfinance
TLTW,2023-02-02,0.464,23.757,23.438,monthly,yfinance
TLTW,2023-03-02,0.309,22.095,16.782,monthly,yfinance
TLTW,2023-04-04,0.648,23.811,32.657,monthly,yfinance
TLTW,2023-05-02,0.531,23.797,26.777,monthly,yfinance
TLTW,2023-06-02,0.351,23.554,17.882,monthly,yfinance
TLTW,2023-07-05,0.538,23.707,27.233,monthly,yfinance
TLTW,2023-08-02,0.197,22.968,10.292,monthly,yfinance
TLTW,2023-09-05,0.332,22.324,17.847,monthly,yfinance
TLTW,2023-10-03,0.288,20.542,16.824,monthly,yfinance
TLTW,2023-11-02,0.4,20.822,23.053,monthly,yfinance
TLTW,2023-12-04,0.577,21.601,32.054,monthly,yfinance
TLTW,2023-12-22,0.746,21.752,41.155,monthly,yfinance
TLTW,2024-02-02,0.212,21.546,11.807,monthly,yfinance
TLTW,2024-03-04,0.302,21.354,16.971,monthly,yfinance
TLTW,2024-04-02,0.235,21.212,13.295,monthly,yfinance
TLTW,2024-05-02,0.247,20.621,14.374,monthly,yfinance
TLTW,2024-06-04,0.247,21.376,13.866,monthly,yfinance
TLTW,2024-07-02,0.277,21.238,15.651,monthly,yfinance
TLTW,2024-08-02,0.22,22.538,11.714,monthly,yfinance
TLTW,2024-09-04,0.28,23.118,14.534,monthly,yfinance
TLTW,2024-10-02,0.208,23.175,10.77,monthly,yfinance
TLTW,2024-11-04,0.252,22.054,13.712,monthly,yfinance
TLTW,2024-12-03,0.331,22.229,17.868,monthly,yfinance
TLTW,2024-12-20,0.593,21.517,33.072,monthly,yfinance
TLTW,2025-02-04,0.388,21.688,21.468,monthly,yfinance
TLTW,2025-03-04,0.259,22.324,13.922,monthly,yfinance
TLTW,2025-04-02,0.258,22.602,13.698,monthly,yfinance
TLTW,2025-05-02,0.375,22.095,20.367,monthly,yfinance
TLTW,2025-06-03,0.419,21.796,23.068,monthly,yfinance
TLTW,2025-07-02,0.314,22.62,16.658,monthly,yfinance
TLTW,2025-08-04,0.231,22.77,12.174,monthly,yfinance
BIGY,2025-01-08,0.513,46.767,13.163,monthly,yfinance
BIGY,2025-02-05,0.502,47.347,12.723,monthly,yfinance
BIGY,2025-03-05,0.502,45.721,13.175,monthly,yfinance
BIGY,2025-04-02,0.458,44.058,12.474,monthly,yfinance
BIGY,2025-05-07,0.461,44.095,12.546,monthly,yfinance
BIGY,2025-06-04,0.48,47.01,12.253,monthly,yfinance
BIGY,2025-07-02,0.498,48.975,12.202,monthly,yfinance
BIGY,2025-08-06,0.505,50.27,12.055,monthly,yfinance
MRNY,2023-12-07,0.413,6.489,76.37,monthly,yfinance
MRNY,2024-01-05,2.654,8.334,382.128,monthly,yfinance
MRNY,2024-02-07,0.594,7.73,92.216,monthly,yfinance
MRNY,2024-03-06,1.131,7.987,169.92,monthly,yfinance
MRNY,2024-04-04,0.783,8.296,113.265,monthly,yfinance
MRNY,2024-05-06,0.947,8.926,127.308,monthly,yfinance
MRNY,2024-06-06,0.845,8.81,115.092,monthly,yfinance
MRNY,2024-07-05,0.49,7.166,82.059,monthly,yfinance
MRNY,2024-08-07,0.466,5.252,106.477,monthly,yfinance
MRNY,2024-09-06,0.479,4.95,116.11,monthly,yfinance
MRNY,2024-10-10,0.376,4.092,110.26,monthly,yfinance
MRNY,2024-11-07,0.401,3.814,126.155,monthly,yfinance
MRNY,2024-12-05,0.222,3.246,82.067,monthly,yfinance
MRNY,2025-01-03,0.251,3.248,92.743,monthly,yfinance
MRNY,2025-01-30,0.273,2.957,110.794,monthly,yfinance
MRNY,2025-02-27,0.231,2.314,119.793,monthly,yfinance
MRNY,2025-03-27,0.183,2.377,92.404,monthly,yfinance
MRNY,2025-04-24,0.126,2.068,73.115,monthly,yfinance
MRNY,2025-05-22,0.122,2.033,72.022,monthly,yfinance
MRNY,2025-06-20,0.19,2.079,109.674,monthly,yfinance
MRNY,2025-07-17,0.2,2.42,99.174,monthly,yfinance
YQQQ,2024-09-06,0.423,15.98,31.764,monthly,yfinance
YQQQ,2024-10-24,0.355,15.097,28.217,monthly,yfinance
YQQQ,2024-11-21,0.327,14.914,26.312,monthly,yfinance
YQQQ,2024-12-19,0.274,14.801,22.214,monthly,yfinance
YQQQ,2025-01-16,0.387,14.699,31.594,monthly,yfinance
YQQQ,2025-02-13,0.25,14.341,20.919,monthly,yfinance
YQQQ,2025-03-13,0.448,15.999,33.601,monthly,yfinance
YQQQ,2025-04-10,0.444,16.039,33.22,monthly,yfinance
YQQQ,2025-05-08,0.436,15.019,34.836,monthly,yfinance
YQQQ,2025-06-05,0.265,14.214,22.373,monthly,yfinance
YQQQ,2025-07-03,0.234,13.7,20.496,monthly,yfinance
YQQQ,2025-07-31,0.179,13.673,15.71,monthly,yfinance
OZEM,2024-12-30,0.053,24.25,2.623,monthly,yfinance
XPAY,2024-11-06,0.972,49.778,23.432,monthly,yfinance
XPAY,2024-12-11,0.972,51.063,22.842,monthly,yfinance
XPAY,2025-01-08,0.953,49.785,22.971,monthly,yfinance
XPAY,2025-02-12,0.953,50.902,22.467,monthly,yfinance
XPAY,2025-03-12,0.953,47.16,24.249,monthly,yfinance
XPAY,2025-04-09,0.953,45.948,24.889,monthly,yfinance
XPAY,2025-05-07,0.953,47.451,24.101,monthly,yfinance
XPAY,2025-06-11,0.953,50.743,22.537,monthly,yfinance
XPAY,2025-07-09,0.953,52.779,21.668,monthly,yfinance
XPAY,2025-08-06,0.953,53.495,21.378,monthly,yfinance
MAGX,2024-12-30,0.396,47.69,9.964,monthly,yfinance
QQQT,2024-07-31,0.318,15.499,24.621,monthly,yfinance
QQQT,2024-09-03,0.318,15.204,25.099,monthly,yfinance
QQQT,2024-10-01,0.322,15.789,24.472,monthly,yfinance
QQQT,2024-11-01,0.321,15.969,24.122,monthly,yfinance
QQQT,2024-12-02,0.343,16.822,24.467,monthly,yfinance
QQQT,2024-12-31,0.325,16.685,23.374,monthly,yfinance
QQQT,2025-02-03,0.32,16.896,22.727,monthly,yfinance
QQQT,2025-03-03,0.309,16.177,22.921,monthly,yfinance
QQQT,2025-04-01,0.286,15.377,22.318,monthly,yfinance
QQQT,2025-05-01,0.274,15.505,21.207,monthly,yfinance
QQQT,2025-06-02,0.298,16.805,21.279,monthly,yfinance
QQQT,2025-07-01,0.307,17.419,21.15,monthly,yfinance
QQQT,2025-08-01,0.319,17.523,21.846,monthly,yfinance
CRSH,2024-06-06,0.954,8.128,140.84,monthly,yfinance
CRSH,2024-07-05,0.815,5.783,169.107,monthly,yfinance
CRSH,2024-08-07,0.847,7.501,135.498,monthly,yfinance
CRSH,2024-09-06,0.988,7.04,168.412,monthly,yfinance
CRSH,2024-10-03,0.98,6.634,177.257,monthly,yfinance
CRSH,2024-10-31,0.449,6.22,86.623,monthly,yfinance
CRSH,2024-11-29,0.375,4.49,100.225,monthly,yfinance
CRSH,2024-12-27,0.371,3.664,121.511,monthly,yfinance
CRSH,2025-01-23,0.286,3.757,91.344,monthly,yfinance
CRSH,2025-02-20,0.381,4.277,106.9,monthly,yfinance
CRSH,2025-03-20,0.646,5.708,135.819,monthly,yfinance
CRSH,2025-04-17,0.562,5.733,117.635,monthly,yfinance
CRSH,2025-05-15,0.315,4.072,92.827,monthly,yfinance
CRSH,2025-06-12,0.253,4.244,71.54,monthly,yfinance
CRSH,2025-07-10,0.216,4.35,59.584,monthly,yfinance
CRSH,2025-08-07,0.195,4.2,55.714,monthly,yfinance
FIAT,2024-08-07,1.892,8.35,271.906,monthly,yfinance
FIAT,2024-09-06,1.871,9.413,238.511,monthly,yfinance
FIAT,2024-10-17,1.451,7.716,225.659,monthly,yfinance
FIAT,2024-11-14,0.726,4.89,178.175,monthly,yfinance
FIAT,2024-12-12,0.682,4.501,181.813,monthly,yfinance
FIAT,2025-01-08,0.653,5.175,151.434,monthly,yfinance
FIAT,2025-02-06,0.55,4.952,133.28,monthly,yfinance
FIAT,2025-03-06,0.683,5.79,141.553,monthly,yfinance
FIAT,2025-04-03,0.924,6.947,159.604,monthly,yfinance
FIAT,2025-05-01,0.562,5.877,114.744,monthly,yfinance
FIAT,2025-05-29,0.267,4.764,67.254,monthly,yfinance
FIAT,2025-06-26,0.154,3.102,59.575,monthly,yfinance
FIAT,2025-07-24,0.138,2.9,57.103,monthly,yfinance
DEEP,2014-12-16,0.105,18.605,6.773,monthly,yfinance
DEEP,2015-03-17,0.136,19.955,8.179,monthly,yfinance
DEEP,2015-06-16,0.181,19.31,11.248,monthly,yfinance
DEEP,2015-12-29,0.44,17.701,29.829,monthly,yfinance
DEEP,2016-06-14,0.111,18.108,7.356,monthly,yfinance
DEEP,2016-09-13,0.023,19.467,1.418,monthly,yfinance
DEEP,2016-12-28,0.19,21.448,10.63,monthly,yfinance
DEEP,2017-03-14,0.105,21.744,5.795,monthly,yfinance
DEEP,2017-06-13,0.061,22.436,3.263,monthly,yfinance
DEEP,2017-09-19,0.1,23.845,5.032,monthly,yfinance
DEEP,2017-12-28,0.393,27.252,17.305,monthly,yfinance
DEEP,2018-03-13,0.084,28.969,3.48,monthly,yfinance
DEEP,2018-06-12,0.305,30.681,11.929,monthly,yfinance
DEEP,2018-09-18,0.065,29.595,2.636,monthly,yfinance
DEEP,2018-12-28,0.383,25.483,18.035,monthly,yfinance
DEEP,2019-03-12,0.062,27.429,2.712,monthly,yfinance
DEEP,2019-06-11,0.311,25.189,14.816,monthly,yfinance
DEEP,2019-09-17,0.104,27.063,4.612,monthly,yfinance
DEEP,2019-12-30,0.663,28.483,27.933,monthly,yfinance
DEEP,2020-03-17,0.735,17.321,50.922,monthly,yfinance
DEEP,2020-06-16,0.227,20.74,13.134,monthly,yfinance
DEEP,2020-09-15,0.015,21.351,0.843,monthly,yfinance
DEEP,2020-12-24,0.143,25.779,6.656,monthly,yfinance
DEEP,2021-03-16,0.073,32.375,2.706,monthly,yfinance
DEEP,2021-06-15,0.159,33.707,5.661,monthly,yfinance
DEEP,2021-09-14,0.013,31.71,0.492,monthly,yfinance
DEEP,2021-12-15,0.287,34.347,10.027,monthly,yfinance
DEEP,2022-03-15,0.029,32.097,1.084,monthly,yfinance
DEEP,2022-06-14,0.109,28.444,4.598,monthly,yfinance
DEEP,2022-09-13,0.005,28.588,0.21,monthly,yfinance
DEEP,2022-12-13,0.242,29.651,9.794,monthly,yfinance
DEEP,2023-03-14,0.089,30.383,3.515,monthly,yfinance
DEEP,2023-06-13,0.168,32.159,6.269,monthly,yfinance
DEEP,2023-09-12,0.015,31.757,0.567,monthly,yfinance
DEEP,2023-12-26,0.335,35.602,11.291,monthly,yfinance
DEEP,2024-03-25,0.073,34.237,2.559,monthly,yfinance
DEEP,2024-06-24,0.14,33.54,5.009,monthly,yfinance
DEEP,2024-09-24,0.009,34.991,0.309,monthly,yfinance
DEEP,2024-12-30,0.455,33.928,16.093,monthly,yfinance
DEEP,2025-03-27,0.256,31.681,9.697,monthly,yfinance
DEEP,2025-06-26,0.021,32.93,0.765,monthly,yfinance
NERD,2019-12-27,0.05,15.283,3.926,monthly,yfinance
NERD,2020-12-29,0.317,28.758,13.228,monthly,yfinance
NERD,2022-12-13,0.097,13.923,8.36,monthly,yfinance
NERD,2023-12-27,0.168,15.367,13.119,monthly,yfinance
NERD,2024-12-30,0.343,19.87,20.715,monthly,yfinance
MSFO,2023-10-06,0.28,11.703,28.711,monthly,yfinance
MSFO,2023-11-08,0.377,12.813,35.307,monthly,yfinance
MSFO,2023-12-07,0.782,13.21,71.035,monthly,yfinance
MSFO,2024-01-05,0.511,13.296,46.12,monthly,yfinance
MSFO,2024-02-07,0.684,14.622,56.135,monthly,yfinance
MSFO,2024-03-06,0.761,14.321,63.767,monthly,yfinance
MSFO,2024-04-04,0.73,14.969,58.522,monthly,yfinance
MSFO,2024-05-06,0.573,14.956,45.974,monthly,yfinance
MSFO,2024-06-06,0.48,15.35,37.524,monthly,yfinance
MSFO,2024-07-05,0.385,16.233,28.46,monthly,yfinance
MSFO,2024-08-07,0.405,14.32,33.94,monthly,yfinance
MSFO,2024-09-06,0.433,14.529,35.763,monthly,yfinance
MSFO,2024-10-17,0.508,14.971,40.718,monthly,yfinance
MSFO,2024-11-14,0.51,15.326,39.931,monthly,yfinance
MSFO,2024-12-12,0.413,15.814,31.34,monthly,yfinance
MSFO,2025-01-08,0.367,15.145,29.079,monthly,yfinance
MSFO,2025-02-06,0.362,14.753,29.445,monthly,yfinance
MSFO,2025-03-06,0.285,14.214,24.061,monthly,yfinance
MSFO,2025-04-03,0.334,13.696,29.265,monthly,yfinance
MSFO,2025-05-01,0.526,15.223,41.463,monthly,yfinance
MSFO,2025-05-29,0.55,16.377,40.301,monthly,yfinance
MSFO,2025-06-26,0.485,17.363,33.52,monthly,yfinance
MSFO,2025-07-24,0.414,17.86,27.816,monthly,yfinance
YBTC,2024-01-29,1.334,24.868,64.372,monthly,yfinance
YBTC,2024-02-27,1.812,27.976,77.723,monthly,yfinance
YBTC,2024-03-26,4.125,31.683,156.235,monthly,yfinance
YBTC,2024-04-26,2.048,29.971,82.0,monthly,yfinance
YBTC,2024-05-30,1.843,31.191,70.905,monthly,yfinance
YBTC,2024-06-27,0.912,28.02,39.058,monthly,yfinance
YBTC,2024-07-30,2.062,30.695,80.612,monthly,yfinance
YBTC,2024-08-29,1.612,27.566,70.172,monthly,yfinance
YBTC,2024-09-27,2.11,29.781,85.022,monthly,yfinance
YBTC,2024-10-30,0.884,32.754,32.387,monthly,yfinance
YBTC,2024-11-27,1.773,37.748,56.363,monthly,yfinance
YBTC,2024-12-30,1.632,38.344,51.075,monthly,yfinance
YBTC,2025-01-02,1.036,38.981,31.892,monthly,yfinance
YBTC,2025-01-08,0.535,38.225,16.795,monthly,yfinance
YBTC,2025-01-16,0.35,40.305,10.421,monthly,yfinance
YBTC,2025-01-23,0.383,40.508,11.346,monthly,yfinance
YBTC,2025-01-30,0.88,41.982,25.153,monthly,yfinance
YBTC,2025-02-06,0.565,38.682,17.528,monthly,yfinance
YBTC,2025-02-13,0.293,38.427,9.15,monthly,yfinance
YBTC,2025-02-20,0.281,39.582,8.519,monthly,yfinance
YBTC,2025-02-27,0.23,33.49,8.241,monthly,yfinance
YBTC,2025-03-06,0.244,35.352,8.282,monthly,yfinance
YBTC,2025-03-13,0.324,32.574,11.936,monthly,yfinance
YBTC,2025-03-20,0.564,34.566,19.58,monthly,yfinance
YBTC,2025-03-27,0.328,35.649,11.041,monthly,yfinance
YBTC,2025-04-03,0.282,33.987,9.957,monthly,yfinance
YBTC,2025-04-10,0.309,33.654,11.018,monthly,yfinance
YBTC,2025-04-16,0.443,35.61,14.928,monthly,yfinance
YBTC,2025-04-24,0.445,38.049,14.034,monthly,yfinance
YBTC,2025-05-01,0.237,38.425,7.402,monthly,yfinance
YBTC,2025-05-08,0.26,40.242,7.753,monthly,yfinance
YBTC,2025-05-15,0.493,41.123,14.386,monthly,yfinance
YBTC,2025-05-22,0.515,43.503,14.206,monthly,yfinance
YBTC,2025-05-29,0.243,42.628,6.841,monthly,yfinance
YBTC,2025-06-05,0.424,41.146,12.366,monthly,yfinance
YBTC,2025-06-12,0.203,43.371,5.617,monthly,yfinance
YBTC,2025-06-18,0.201,42.214,5.714,monthly,yfinance
YBTC,2025-06-26,0.275,43.68,7.555,monthly,yfinance
YBTC,2025-07-02,0.275,44.833,7.361,monthly,yfinance
YBTC,2025-07-09,0.311,45.925,8.126,monthly,yfinance
YBTC,2025-07-16,0.453,47.609,11.418,monthly,yfinance
YBTC,2025-07-23,0.525,47.76,13.191,monthly,yfinance
YBTC,2025-07-30,0.44,47.524,11.11,monthly,yfinance
YBTC,2025-08-06,0.506,47.3,12.837,monthly,yfinance
TSLY,2023-01-10,1.998,4.643,516.341,monthly,yfinance
TSLY,2023-02-08,1.806,5.963,363.417,monthly,yfinance
TSLY,2023-03-08,1.804,5.897,367.092,monthly,yfinance
TSLY,2023-04-06,1.658,5.999,331.649,monthly,yfinance
TSLY,2023-05-05,0.88,5.585,189.082,monthly,yfinance
TSLY,2023-06-07,1.606,6.834,281.984,monthly,yfinance
TSLY,2023-07-07,2.132,7.972,320.919,monthly,yfinance
TSLY,2023-08-04,1.66,7.649,260.425,monthly,yfinance
TSLY,2023-09-08,1.17,7.184,195.435,monthly,yfinance
TSLY,2023-10-06,1.154,7.379,187.667,monthly,yfinance
TSLY,2023-11-08,1.17,6.573,213.599,monthly,yfinance
TSLY,2023-12-07,1.208,6.669,217.359,monthly,yfinance
TSLY,2024-01-05,1.114,6.792,196.828,monthly,yfinance
TSLY,2024-02-07,0.81,5.627,172.729,monthly,yfinance
TSLY,2024-03-06,0.811,5.446,178.706,monthly,yfinance
TSLY,2024-04-04,0.684,5.372,152.782,monthly,yfinance
TSLY,2024-05-06,0.694,5.766,144.431,monthly,yfinance
TSLY,2024-06-06,0.645,5.768,134.179,monthly,yfinance
TSLY,2024-07-05,1.004,6.985,172.487,monthly,yfinance
TSLY,2024-08-07,0.966,5.511,210.34,monthly,yfinance
TSLY,2024-09-06,0.819,5.721,171.792,monthly,yfinance
TSLY,2024-10-03,1.095,6.274,209.421,monthly,yfinance
TSLY,2024-10-31,0.599,6.4,112.317,monthly,yfinance
TSLY,2024-11-29,1.221,8.415,174.122,monthly,yfinance
TSLY,2024-12-27,1.286,9.542,161.72,monthly,yfinance
TSLY,2025-01-23,0.717,8.927,96.381,monthly,yfinance
TSLY,2025-02-20,0.579,8.021,86.622,monthly,yfinance
TSLY,2025-03-20,0.464,5.732,97.144,monthly,yfinance
TSLY,2025-04-17,0.66,5.952,133.065,monthly,yfinance
TSLY,2025-05-15,0.76,7.885,115.662,monthly,yfinance
TSLY,2025-06-12,0.403,7.473,64.715,monthly,yfinance
TSLY,2025-07-10,0.387,7.348,63.203,monthly,yfinance
TSLY,2025-08-07,0.301,7.62,47.402,monthly,yfinance
ABNY,2024-08-07,0.795,9.99,95.493,monthly,yfinance
ABNY,2024-09-06,0.462,10.457,53.016,monthly,yfinance
ABNY,2024-10-17,0.8,11.685,82.155,monthly,yfinance
ABNY,2024-11-14,0.863,11.791,87.83,monthly,yfinance
ABNY,2024-12-12,0.396,11.936,39.813,monthly,yfinance
ABNY,2025-01-08,0.422,11.459,44.191,monthly,yfinance
ABNY,2025-02-06,0.403,11.781,41.049,monthly,yfinance
ABNY,2025-03-06,0.481,11.535,50.039,monthly,yfinance
ABNY,2025-04-03,0.367,9.921,44.392,monthly,yfinance
ABNY,2025-05-01,0.602,10.488,68.882,monthly,yfinance
ABNY,2025-05-29,0.387,10.956,42.39,monthly,yfinance
ABNY,2025-06-26,0.323,11.174,34.689,monthly,yfinance
ABNY,2025-07-24,0.375,11.85,37.975,monthly,yfinance
YMAG,2024-02-15,0.431,10.999,47.022,monthly,yfinance
YMAG,2024-03-14,0.592,11.239,63.208,monthly,yfinance
YMAG,2024-04-17,0.623,11.316,66.064,monthly,yfinance
YMAG,2024-05-15,0.637,11.956,63.934,monthly,yfinance
YMAG,2024-06-14,0.677,12.706,63.937,monthly,yfinance
YMAG,2024-07-17,0.637,12.816,59.642,monthly,yfinance
YMAG,2024-08-15,0.576,12.432,55.596,monthly,yfinance
YMAG,2024-09-19,0.198,12.848,18.493,monthly,yfinance
YMAG,2024-09-26,0.17,13.015,15.674,monthly,yfinance
YMAG,2024-10-03,0.164,12.85,15.316,monthly,yfinance
YMAG,2024-10-10,0.282,13.014,26.004,monthly,yfinance
YMAG,2024-10-17,0.226,12.99,20.877,monthly,yfinance
YMAG,2024-10-24,0.055,13.273,4.972,monthly,yfinance
YMAG,2024-10-31,0.153,13.077,14.04,monthly,yfinance
YMAG,2024-11-07,0.207,13.957,17.798,monthly,yfinance
YMAG,2024-11-14,0.21,14.041,17.948,monthly,yfinance
YMAG,2024-11-21,0.061,13.933,5.254,monthly,yfinance
YMAG,2024-11-29,0.203,14.11,17.265,monthly,yfinance
YMAG,2024-12-05,0.277,14.582,22.795,monthly,yfinance
YMAG,2024-12-12,0.168,14.972,13.465,monthly,yfinance
YMAG,2024-12-19,0.059,14.643,4.835,monthly,yfinance
YMAG,2024-12-27,0.174,14.861,14.05,monthly,yfinance
YMAG,2025-01-03,0.31,14.707,25.294,monthly,yfinance
YMAG,2025-01-08,0.158,14.552,13.029,monthly,yfinance
YMAG,2025-01-16,0.05,14.397,4.168,monthly,yfinance
YMAG,2025-01-23,0.1,14.745,8.138,monthly,yfinance
YMAG,2025-01-30,0.19,14.59,15.627,monthly,yfinance
YMAG,2025-02-06,0.186,14.532,15.359,monthly,yfinance
YMAG,2025-02-13,0.051,14.494,4.223,monthly,yfinance
YMAG,2025-02-20,0.137,14.531,11.314,monthly,yfinance
YMAG,2025-02-27,0.176,13.368,15.799,monthly,yfinance
YMAG,2025-03-06,0.151,13.017,13.92,monthly,yfinance
YMAG,2025-03-13,0.145,12.543,13.872,monthly,yfinance
YMAG,2025-03-20,0.085,12.688,8.039,monthly,yfinance
YMAG,2025-03-27,0.084,12.882,7.825,monthly,yfinance
YMAG,2025-04-03,0.097,12.064,9.648,monthly,yfinance
YMAG,2025-04-10,0.097,12.035,9.672,monthly,yfinance
YMAG,2025-04-17,0.094,11.758,9.593,monthly,yfinance
YMAG,2025-04-24,0.092,12.366,8.928,monthly,yfinance
YMAG,2025-05-01,0.101,12.866,9.42,monthly,yfinance
YMAG,2025-05-08,0.106,13.01,9.777,monthly,yfinance
YMAG,2025-05-15,0.2,13.906,17.259,monthly,yfinance
YMAG,2025-05-22,0.26,13.801,22.607,monthly,yfinance
YMAG,2025-05-29,0.293,14.074,24.982,monthly,yfinance
YMAG,2025-06-05,0.209,13.777,18.205,monthly,yfinance
YMAG,2025-06-12,0.171,14.222,14.428,monthly,yfinance
YMAG,2025-06-20,0.169,14.145,14.337,monthly,yfinance
YMAG,2025-06-26,0.157,14.531,12.965,monthly,yfinance
YMAG,2025-07-03,0.055,14.699,4.49,monthly,yfinance
YMAG,2025-07-10,0.126,14.753,10.249,monthly,yfinance
YMAG,2025-07-17,0.152,14.939,12.21,monthly,yfinance
YMAG,2025-07-24,0.203,15.117,16.114,monthly,yfinance
YMAG,2025-07-31,0.075,15.36,5.859,monthly,yfinance
YMAG,2025-08-07,0.08,15.49,6.198,monthly,yfinance
YBIT,2024-06-06,1.371,8.438,194.985,monthly,yfinance
YBIT,2024-07-05,1.216,7.227,201.897,monthly,yfinance
YBIT,2024-08-07,0.671,6.562,122.7,monthly,yfinance
YBIT,2024-09-06,0.722,6.244,138.753,monthly,yfinance
YBIT,2024-10-03,0.798,6.718,142.547,monthly,yfinance
YBIT,2024-10-31,0.672,7.206,111.911,monthly,yfinance
YBIT,2024-11-29,1.264,8.89,170.617,monthly,yfinance
YBIT,2024-12-27,0.709,8.37,101.648,monthly,yfinance
YBIT,2025-01-23,0.789,9.06,104.507,monthly,yfinance
YBIT,2025-02-20,0.551,8.909,74.216,monthly,yfinance
YBIT,2025-03-20,0.436,7.749,67.52,monthly,yfinance
YBIT,2025-04-17,0.411,8.068,61.128,monthly,yfinance
YBIT,2025-05-15,0.87,9.318,112.042,monthly,yfinance
YBIT,2025-06-12,0.331,9.528,41.689,monthly,yfinance
YBIT,2025-07-10,0.381,10.053,45.477,monthly,yfinance
YBIT,2025-08-07,0.542,10.51,61.884,monthly,yfinance
APLY,2023-06-07,0.288,11.792,29.307,monthly,yfinance
APLY,2023-07-07,0.633,12.539,60.578,monthly,yfinance
APLY,2023-08-04,0.556,12.068,55.289,monthly,yfinance
APLY,2023-09-08,0.226,11.415,23.758,monthly,yfinance
APLY,2023-10-06,0.478,11.363,50.479,monthly,yfinance
APLY,2023-11-08,0.173,11.675,17.782,monthly,yfinance
APLY,2023-12-07,0.466,12.3,45.463,monthly,yfinance
APLY,2024-01-05,0.56,11.582,58.023,monthly,yfinance
APLY,2024-02-07,0.173,12.062,17.211,monthly,yfinance
APLY,2024-03-06,0.416,11.084,45.036,monthly,yfinance
APLY,2024-04-04,0.384,11.347,40.608,monthly,yfinance
APLY,2024-05-06,0.339,11.658,34.896,monthly,yfinance
APLY,2024-06-06,0.404,12.457,38.917,monthly,yfinance
APLY,2024-07-05,0.323,13.397,28.931,monthly,yfinance
APLY,2024-08-07,0.35,12.658,33.179,monthly,yfinance
APLY,2024-09-06,0.453,13.193,41.202,monthly,yfinance
APLY,2024-10-24,0.343,13.713,30.015,monthly,yfinance
APLY,2024-11-21,0.335,13.826,29.076,monthly,yfinance
APLY,2024-12-19,0.422,14.597,34.693,monthly,yfinance
APLY,2025-01-16,0.284,13.424,25.387,monthly,yfinance
APLY,2025-02-13,0.363,14.015,31.082,monthly,yfinance
APLY,2025-03-13,0.344,12.383,33.336,monthly,yfinance
APLY,2025-04-10,0.302,11.351,31.928,monthly,yfinance
APLY,2025-05-08,0.651,11.967,65.281,monthly,yfinance
APLY,2025-06-05,0.312,11.955,31.317,monthly,yfinance
APLY,2025-07-03,0.27,12.591,25.732,monthly,yfinance
APLY,2025-07-31,0.41,12.55,39.203,monthly,yfinance
WDTE,2023-10-02,2.7,27.03,119.865,monthly,yfinance
WDTE,2023-11-01,2.73,26.952,121.549,monthly,yfinance
WDTE,2023-12-01,1.95,28.258,82.807,monthly,yfinance
WDTE,2023-12-28,1.5,29.157,61.735,monthly,yfinance
WDTE,2024-02-01,1.74,29.486,70.814,monthly,yfinance
WDTE,2024-03-01,1.8,30.091,71.783,monthly,yfinance
WDTE,2024-04-01,1.65,30.437,65.053,monthly,yfinance
WDTE,2024-05-01,2.283,29.527,92.783,monthly,yfinance
WDTE,2024-06-03,1.659,30.675,64.901,monthly,yfinance
WDTE,2024-07-01,1.386,31.724,52.426,monthly,yfinance
WDTE,2024-07-31,1.674,31.469,63.834,monthly,yfinance
WDTE,2024-09-03,2.757,31.107,106.357,monthly,yfinance
WDTE,2024-10-01,1.809,32.068,67.693,monthly,yfinance
WDTE,2024-10-10,0.334,32.292,12.412,monthly,yfinance
WDTE,2024-10-24,0.253,32.123,9.451,monthly,yfinance
WDTE,2024-10-31,0.25,31.737,9.453,monthly,yfinance
WDTE,2024-11-07,0.287,32.443,10.616,monthly,yfinance
WDTE,2024-11-14,0.335,32.633,12.319,monthly,yfinance
WDTE,2024-11-21,0.245,32.567,9.028,monthly,yfinance
WDTE,2024-11-27,0.289,32.772,10.582,monthly,yfinance
WDTE,2024-12-05,0.202,33.073,7.329,monthly,yfinance
WDTE,2024-12-12,0.207,32.857,7.56,monthly,yfinance
WDTE,2024-12-19,0.183,31.938,6.876,monthly,yfinance
WDTE,2024-12-26,0.238,32.49,8.79,monthly,yfinance
WDTE,2025-01-08,0.234,31.694,8.86,monthly,yfinance
WDTE,2025-01-16,0.229,32.092,8.563,monthly,yfinance
WDTE,2025-01-23,0.14,32.806,5.121,monthly,yfinance
WDTE,2025-01-30,0.099,32.541,3.651,monthly,yfinance
WDTE,2025-02-06,0.234,32.769,8.569,monthly,yfinance
WDTE,2025-02-13,0.234,32.898,8.535,monthly,yfinance
WDTE,2025-02-20,0.236,33.18,8.535,monthly,yfinance
WDTE,2025-02-27,0.231,32.02,8.657,monthly,yfinance
WDTE,2025-03-06,0.227,31.287,8.707,monthly,yfinance
WDTE,2025-03-13,0.332,30.635,13.005,monthly,yfinance
WDTE,2025-03-20,0.323,31.092,12.466,monthly,yfinance
WDTE,2025-03-27,0.323,31.221,12.415,monthly,yfinance
WDTE,2025-04-03,0.313,29.753,12.624,monthly,yfinance
WDTE,2025-04-10,0.286,27.997,12.259,monthly,yfinance
WDTE,2025-04-17,0.352,28.801,14.666,monthly,yfinance
WDTE,2025-04-24,0.35,29.283,14.343,monthly,yfinance
WDTE,2025-05-01,0.194,30.324,7.677,monthly,yfinance
WDTE,2025-05-08,0.2,30.788,7.795,monthly,yfinance
WDTE,2025-05-15,0.2,31.6,7.595,monthly,yfinance
WDTE,2025-05-22,0.204,31.392,7.798,monthly,yfinance
WDTE,2025-05-29,0.2,31.558,7.605,monthly,yfinance
WDTE,2025-06-05,0.202,31.948,7.587,monthly,yfinance
WDTE,2025-06-12,0.203,32.476,7.501,monthly,yfinance
WDTE,2025-06-18,0.202,32.328,7.498,monthly,yfinance
WDTE,2025-06-26,0.202,32.83,7.383,monthly,yfinance
WDTE,2025-07-03,0.204,33.287,7.354,monthly,yfinance
WDTE,2025-07-10,0.206,33.363,7.409,monthly,yfinance
WDTE,2025-07-17,0.205,33.69,7.302,monthly,yfinance
WDTE,2025-07-24,0.206,34.06,7.258,monthly,yfinance
WDTE,2025-07-31,0.166,34.165,5.83,monthly,yfinance
WDTE,2025-08-07,0.203,33.877,7.191,monthly,yfinance
YMAX,2024-02-15,0.534,10.038,63.839,monthly,yfinance
YMAX,2024-03-14,0.568,10.411,65.471,monthly,yfinance
YMAX,2024-04-17,0.632,10.235,74.102,monthly,yfinance
YMAX,2024-05-15,0.732,10.686,82.204,monthly,yfinance
YMAX,2024-06-14,0.73,10.822,80.945,monthly,yfinance
YMAX,2024-07-17,0.652,10.967,71.344,monthly,yfinance
YMAX,2024-08-15,0.591,10.416,68.091,monthly,yfinance
YMAX,2024-09-19,0.227,10.593,25.714,monthly,yfinance
YMAX,2024-09-26,0.222,10.781,24.71,monthly,yfinance
YMAX,2024-10-03,0.208,10.598,23.551,monthly,yfinance
YMAX,2024-10-10,0.204,10.803,22.661,monthly,yfinance
YMAX,2024-10-17,0.175,10.849,19.357,monthly,yfinance
YMAX,2024-10-24,0.227,10.986,24.794,monthly,yfinance
YMAX,2024-10-31,0.225,10.872,24.834,monthly,yfinance
YMAX,2024-11-07,0.12,11.458,12.568,monthly,yfinance
YMAX,2024-11-14,0.152,11.497,15.865,monthly,yfinance
YMAX,2024-11-21,0.244,11.99,24.419,monthly,yfinance
YMAX,2024-11-29,0.306,12.187,30.13,monthly,yfinance
YMAX,2024-12-05,0.238,12.535,22.784,monthly,yfinance
YMAX,2024-12-12,0.123,12.517,11.792,monthly,yfinance
YMAX,2024-12-19,0.139,11.953,13.955,monthly,yfinance
YMAX,2024-12-27,0.245,12.127,24.243,monthly,yfinance
YMAX,2025-01-03,0.181,12.222,17.772,monthly,yfinance
YMAX,2025-01-08,0.14,11.951,14.057,monthly,yfinance
YMAX,2025-01-16,0.112,11.874,11.319,monthly,yfinance
YMAX,2025-01-23,0.172,12.322,16.751,monthly,yfinance
YMAX,2025-01-30,0.147,12.248,14.402,monthly,yfinance
YMAX,2025-02-06,0.194,12.223,19.047,monthly,yfinance
YMAX,2025-02-13,0.15,12.454,14.454,monthly,yfinance
YMAX,2025-02-20,0.185,12.554,17.683,monthly,yfinance
YMAX,2025-02-27,0.133,11.267,14.165,monthly,yfinance
YMAX,2025-03-06,0.241,11.087,26.085,monthly,yfinance
YMAX,2025-03-13,0.1,10.619,11.3,monthly,yfinance
YMAX,2025-03-20,0.153,11.027,16.65,monthly,yfinance
YMAX,2025-03-27,0.132,11.091,14.282,monthly,yfinance
YMAX,2025-04-03,0.178,10.299,20.739,monthly,yfinance
YMAX,2025-04-10,0.129,10.053,15.398,monthly,yfinance
YMAX,2025-04-17,0.133,10.326,15.456,monthly,yfinance
YMAX,2025-04-24,0.137,10.895,15.089,monthly,yfinance
YMAX,2025-05-01,0.174,11.117,18.783,monthly,yfinance
YMAX,2025-05-08,0.168,11.38,17.715,monthly,yfinance
YMAX,2025-05-15,0.191,11.927,19.217,monthly,yfinance
YMAX,2025-05-22,0.186,11.96,18.663,monthly,yfinance
YMAX,2025-05-29,0.215,12.079,21.359,monthly,yfinance
YMAX,2025-06-05,0.172,12.078,17.088,monthly,yfinance
YMAX,2025-06-12,0.18,12.394,17.427,monthly,yfinance
YMAX,2025-06-20,0.142,12.396,13.746,monthly,yfinance
YMAX,2025-06-26,0.155,12.791,14.541,monthly,yfinance
YMAX,2025-07-03,0.157,13.032,14.456,monthly,yfinance
YMAX,2025-07-10,0.135,13.19,12.282,monthly,yfinance
YMAX,2025-07-17,0.104,13.481,9.257,monthly,yfinance
YMAX,2025-07-24,0.184,13.455,16.41,monthly,yfinance
YMAX,2025-07-31,0.165,13.412,14.763,monthly,yfinance
YMAX,2025-08-07,0.145,13.16,13.222,monthly,yfinance
ULTY,2024-03-14,1.065,5.087,251.238,monthly,yfinance
ULTY,2024-04-17,1.417,4.669,364.198,monthly,yfinance
ULTY,2024-05-15,1.278,5.028,305.018,monthly,yfinance
ULTY,2024-06-14,1.134,5.023,270.933,monthly,yfinance
ULTY,2024-07-17,0.995,5.077,235.193,monthly,yfinance
ULTY,2024-08-15,0.78,4.636,201.895,monthly,yfinance
ULTY,2024-09-19,0.983,4.847,243.368,monthly,yfinance
ULTY,2024-10-17,0.827,4.936,201.067,monthly,yfinance
ULTY,2024-11-14,0.831,5.276,189.006,monthly,yfinance
ULTY,2024-12-12,0.709,5.46,155.83,monthly,yfinance
ULTY,2025-01-08,0.572,5.307,129.327,monthly,yfinance
ULTY,2025-02-06,0.537,5.431,118.66,monthly,yfinance
ULTY,2025-03-06,0.465,4.81,116.009,monthly,yfinance
ULTY,2025-03-13,0.103,4.491,27.521,monthly,yfinance
ULTY,2025-03-20,0.098,4.77,24.652,monthly,yfinance
ULTY,2025-03-27,0.099,4.695,25.304,monthly,yfinance
ULTY,2025-04-03,0.092,4.336,25.46,monthly,yfinance
ULTY,2025-04-10,0.082,4.253,23.138,monthly,yfinance
ULTY,2025-04-17,0.085,4.364,23.372,monthly,yfinance
ULTY,2025-04-24,0.084,4.57,22.056,monthly,yfinance
ULTY,2025-05-01,0.094,4.684,24.082,monthly,yfinance
ULTY,2025-05-08,0.118,4.909,28.844,monthly,yfinance
ULTY,2025-05-15,0.106,5.092,24.981,monthly,yfinance
ULTY,2025-05-22,0.098,5.141,22.874,monthly,yfinance
ULTY,2025-05-29,0.095,5.246,21.729,monthly,yfinance
ULTY,2025-06-05,0.095,5.249,21.719,monthly,yfinance
ULTY,2025-06-12,0.095,5.462,20.871,monthly,yfinance
ULTY,2025-06-20,0.088,5.549,19.031,monthly,yfinance
ULTY,2025-06-26,0.092,5.695,19.385,monthly,yfinance
ULTY,2025-07-03,0.095,5.791,19.685,monthly,yfinance
ULTY,2025-07-10,0.096,5.834,19.746,monthly,yfinance
ULTY,2025-07-17,0.104,6.092,20.485,monthly,yfinance
ULTY,2025-07-24,0.103,6.057,20.405,monthly,yfinance
ULTY,2025-07-31,0.101,6.039,20.069,monthly,yfinance
ULTY,2025-08-07,0.1,6.04,19.868,monthly,yfinance
SVOL,2021-09-27,0.256,14.66,20.955,monthly,yfinance
SVOL,2021-10-26,0.349,15.08,27.771,monthly,yfinance
SVOL,2021-11-24,0.294,15.186,23.232,monthly,yfinance
SVOL,2021-12-27,0.356,14.96,28.556,monthly,yfinance
SVOL,2022-01-26,0.391,13.963,33.604,monthly,yfinance
SVOL,2022-02-23,0.341,13.633,30.015,monthly,yfinance
SVOL,2022-03-28,0.366,14.094,31.162,monthly,yfinance
SVOL,2022-04-26,0.326,13.317,29.375,monthly,yfinance
SVOL,2022-05-25,0.32,13.572,28.294,monthly,yfinance
SVOL,2022-07-26,0.32,13.624,28.185,monthly,yfinance
SVOL,2022-08-26,0.32,13.709,28.01,monthly,yfinance
SVOL,2022-09-27,0.32,12.975,29.596,monthly,yfinance
SVOL,2022-10-26,0.32,13.293,28.886,monthly,yfinance
SVOL,2022-11-25,0.32,13.969,27.49,monthly,yfinance
SVOL,2022-12-27,0.349,14.153,29.591,monthly,yfinance
SVOL,2023-01-26,0.32,14.894,25.782,monthly,yfinance
SVOL,2023-02-23,0.32,14.758,26.02,monthly,yfinance
SVOL,2023-03-27,0.32,14.639,26.231,monthly,yfinance
SVOL,2023-04-25,0.32,14.854,25.851,monthly,yfinance
SVOL,2023-05-25,0.32,15.234,25.207,monthly,yfinance
SVOL,2023-06-27,0.32,16.178,23.736,monthly,yfinance
SVOL,2023-07-26,0.3,16.462,21.868,monthly,yfinance
SVOL,2023-08-28,0.3,16.521,21.79,monthly,yfinance
SVOL,2023-09-27,0.3,16.463,21.868,monthly,yfinance
SVOL,2023-10-26,0.3,16.138,22.308,monthly,yfinance
SVOL,2023-11-27,0.3,17.154,20.987,monthly,yfinance
SVOL,2023-12-26,0.308,17.403,21.238,monthly,yfinance
SVOL,2024-01-26,0.3,17.695,20.345,monthly,yfinance
SVOL,2024-02-26,0.3,17.859,20.158,monthly,yfinance
SVOL,2024-03-25,0.3,18.056,19.938,monthly,yfinance
SVOL,2024-04-25,0.3,17.848,20.171,monthly,yfinance
SVOL,2024-05-24,0.3,18.593,19.362,monthly,yfinance
SVOL,2024-06-25,0.3,18.717,19.234,monthly,yfinance
SVOL,2024-07-26,0.3,18.711,19.24,monthly,yfinance
SVOL,2024-08-27,0.3,19.193,18.757,monthly,yfinance
SVOL,2024-09-25,0.28,19.081,17.609,monthly,yfinance
SVOL,2024-10-28,0.28,18.642,18.023,monthly,yfinance
SVOL,2024-11-25,0.27,19.178,16.895,monthly,yfinance
SVOL,2024-12-23,0.26,18.914,16.496,monthly,yfinance
SVOL,2025-01-28,0.27,19.383,16.716,monthly,yfinance
SVOL,2025-02-25,0.27,19.054,17.004,monthly,yfinance
SVOL,2025-03-26,0.27,17.547,18.465,monthly,yfinance
SVOL,2025-04-25,0.27,15.616,20.748,monthly,yfinance
SVOL,2025-05-27,0.3,17.777,20.251,monthly,yfinance
SVOL,2025-06-25,0.3,16.693,21.565,monthly,yfinance
SVOL,2025-07-28,0.3,17.32,20.785,monthly,yfinance
YETH,2024-09-27,3.854,29.717,155.627,monthly,yfinance
YETH,2024-10-30,2.299,30.453,90.591,monthly,yfinance
YETH,2024-11-27,1.66,34.334,58.019,monthly,yfinance
YETH,2024-12-30,2.577,34.476,89.696,monthly,yfinance
YETH,2025-01-30,3.599,35.71,120.942,monthly,yfinance
YETH,2025-02-27,1.893,25.414,89.383,monthly,yfinance
YETH,2025-03-28,1.515,21.751,83.582,monthly,yfinance
YETH,2025-04-29,1.089,20.417,64.005,monthly,yfinance
YETH,2025-05-29,1.352,21.995,73.762,monthly,yfinance
YETH,2025-07-02,1.52,22.629,80.605,monthly,yfinance
YETH,2025-07-09,0.359,23.833,18.076,monthly,yfinance
YETH,2025-07-16,0.385,25.628,18.027,monthly,yfinance
YETH,2025-07-23,0.345,26.039,15.899,monthly,yfinance
YETH,2025-07-30,0.293,27.427,12.82,monthly,yfinance
YETH,2025-08-06,0.239,26.67,10.754,monthly,yfinance
DRAG,2024-12-30,0.218,21.23,12.322,monthly,yfinance
SOXY,2025-01-08,0.526,47.48,13.294,monthly,yfinance
SOXY,2025-02-05,0.488,47.124,12.427,monthly,yfinance
SOXY,2025-03-05,0.488,43.717,13.395,monthly,yfinance
SOXY,2025-04-02,0.427,41.163,12.448,monthly,yfinance
SOXY,2025-05-07,0.438,42.552,12.352,monthly,yfinance
SOXY,2025-06-04,0.472,47.151,12.013,monthly,yfinance
SOXY,2025-07-02,0.525,51.629,12.203,monthly,yfinance
SOXY,2025-08-06,0.525,51.399,12.257,monthly,yfinance
KLIP,2023-01-27,1.68,24.11,83.615,monthly,yfinance
KLIP,2023-02-24,3.48,21.91,190.594,monthly,yfinance
KLIP,2023-03-29,3.294,22.881,172.757,monthly,yfinance
KLIP,2023-04-26,3.099,22.403,165.996,monthly,yfinance
KLIP,2023-05-25,2.589,22.798,136.277,monthly,yfinance
KLIP,2023-05-26,2.586,23.211,133.697,monthly,yfinance
KLIP,2023-06-28,2.505,24.306,123.672,monthly,yfinance
KLIP,2023-07-27,2.496,25.386,117.986,monthly,yfinance
KLIP,2023-08-29,2.502,25.531,117.598,monthly,yfinance
KLIP,2023-09-27,2.241,25.346,106.101,monthly,yfinance
KLIP,2023-10-27,2.091,25.566,98.146,monthly,yfinance
KLIP,2023-11-28,2.031,26.844,90.791,monthly,yfinance
KLIP,2023-12-27,1.875,26.334,85.441,monthly,yfinance
KLIP,2024-01-29,1.719,25.402,81.205,monthly,yfinance
KLIP,2024-02-27,1.851,26.544,83.679,monthly,yfinance
KLIP,2024-03-26,1.836,27.345,80.571,monthly,yfinance
KLIP,2024-04-26,1.581,28.452,66.68,monthly,yfinance
KLIP,2024-05-30,1.524,28.613,63.915,monthly,yfinance
KLIP,2024-06-27,1.38,27.155,60.983,monthly,yfinance
KLIP,2024-07-30,1.206,26.879,53.841,monthly,yfinance
KLIP,2024-08-29,1.137,26.957,50.613,monthly,yfinance
KLIP,2024-09-27,1.185,28.373,50.117,monthly,yfinance
KLIP,2024-10-30,1.833,27.76,79.236,monthly,yfinance
KLIP,2024-11-27,1.665,27.639,72.29,monthly,yfinance
KLIP,2024-12-30,0.669,28.124,28.545,monthly,yfinance
KLIP,2025-01-30,0.666,29.017,27.542,monthly,yfinance
KLIP,2025-02-27,0.671,29.53,27.267,monthly,yfinance
KLIP,2025-03-28,0.683,30.345,27.01,monthly,yfinance
KLIP,2025-04-29,0.622,28.875,25.849,monthly,yfinance
KLIP,2025-05-29,0.636,30.031,25.414,monthly,yfinance
KLIP,2025-06-27,0.644,31.124,24.83,monthly,yfinance
KLIP,2025-07-30,0.653,31.848,24.604,monthly,yfinance
GOOY,2023-09-08,0.291,10.959,31.863,monthly,yfinance
GOOY,2023-10-06,0.39,11.108,42.13,monthly,yfinance
GOOY,2023-11-08,0.391,10.571,44.385,monthly,yfinance
GOOY,2023-12-07,0.374,10.427,43.04,monthly,yfinance
GOOY,2024-01-05,0.23,10.273,26.867,monthly,yfinance
GOOY,2024-02-07,0.421,10.455,48.322,monthly,yfinance
GOOY,2024-03-06,0.255,9.404,32.538,monthly,yfinance
GOOY,2024-04-04,0.31,10.392,35.796,monthly,yfinance
GOOY,2024-05-06,0.668,11.263,71.169,monthly,yfinance
GOOY,2024-06-06,0.686,11.754,70.037,monthly,yfinance
GOOY,2024-07-05,0.468,12.343,45.499,monthly,yfinance
GOOY,2024-08-07,0.499,10.602,56.479,monthly,yfinance
GOOY,2024-09-06,0.358,10.317,41.64,monthly,yfinance
GOOY,2024-10-03,0.255,11.149,27.447,monthly,yfinance
GOOY,2024-10-31,0.377,11.258,40.186,monthly,yfinance
GOOY,2024-11-29,0.285,10.916,31.331,monthly,yfinance
GOOY,2024-12-27,0.633,11.968,63.467,monthly,yfinance
GOOY,2025-01-23,0.332,12.239,32.551,monthly,yfinance
GOOY,2025-02-20,0.388,11.724,39.713,monthly,yfinance
GOOY,2025-03-20,0.328,10.649,36.961,monthly,yfinance
GOOY,2025-04-17,0.373,10.107,44.288,monthly,yfinance
GOOY,2025-05-15,0.345,10.944,37.83,monthly,yfinance
GOOY,2025-06-12,0.398,11.422,41.815,monthly,yfinance
GOOY,2025-07-10,0.308,11.543,32.021,monthly,yfinance
GOOY,2025-08-07,0.449,12.73,42.325,monthly,yfinance
METV,2022-12-13,0.006,7.827,0.92,monthly,yfinance
METV,2023-12-27,0.019,11.55,1.974,monthly,yfinance
BITO,2023-02-01,0.149,5.176,34.542,monthly,yfinance
BITO,2023-03-01,0.101,5.086,23.831,monthly,yfinance
BITO,2023-04-03,0.465,6.068,91.955,monthly,yfinance
BITO,2023-05-01,0.417,5.965,83.892,monthly,yfinance
BITO,2023-06-01,0.428,5.73,89.639,monthly,yfinance
BITO,2023-07-03,0.664,6.642,119.97,monthly,yfinance
BITO,2023-08-01,0.385,6.172,74.855,monthly,yfinance
BITO,2023-09-01,0.005,5.364,1.119,monthly,yfinance
BITO,2023-10-02,0.074,5.843,15.198,monthly,yfinance
BITO,2023-11-01,0.14,7.235,23.219,monthly,yfinance
BITO,2023-12-01,0.127,8.008,19.032,monthly,yfinance
BITO,2023-12-20,0.147,8.943,19.725,monthly,yfinance
BITO,2024-02-01,0.356,8.684,49.196,monthly,yfinance
BITO,2024-03-01,0.726,12.665,68.787,monthly,yfinance
BITO,2024-04-01,1.145,13.873,99.04,monthly,yfinance
BITO,2024-05-01,1.681,11.175,180.517,monthly,yfinance
BITO,2024-06-03,1.768,13.555,156.515,monthly,yfinance
BITO,2024-07-01,1.503,12.299,146.651,monthly,yfinance
BITO,2024-08-01,1.447,12.223,142.06,monthly,yfinance
BITO,2024-09-03,1.209,11.141,130.223,monthly,yfinance
BITO,2024-10-01,1.091,11.812,110.832,monthly,yfinance
BITO,2024-11-01,0.994,13.205,90.332,monthly,yfinance
BITO,2024-12-02,0.996,18.152,65.845,monthly,yfinance
BITO,2024-12-23,1.113,17.499,76.323,monthly,yfinance
BITO,2025-02-03,0.937,18.873,59.579,monthly,yfinance
BITO,2025-03-03,0.72,15.956,54.148,monthly,yfinance
BITO,2025-04-01,0.361,15.667,27.65,monthly,yfinance
BITO,2025-05-01,0.545,17.777,36.79,monthly,yfinance
BITO,2025-06-02,0.997,19.103,62.628,monthly,yfinance
BITO,2025-07-01,0.777,19.176,48.623,monthly,yfinance
BITO,2025-08-01,1.209,20.5,70.771,monthly,yfinance
AMDY,2023-11-08,1.118,6.931,193.568,monthly,yfinance
AMDY,2023-12-07,0.443,7.63,69.671,monthly,yfinance
AMDY,2024-01-05,1.411,7.925,213.665,monthly,yfinance
AMDY,2024-02-07,1.674,8.732,230.055,monthly,yfinance
AMDY,2024-03-06,1.374,10.225,161.259,monthly,yfinance
AMDY,2024-04-04,1.113,8.466,157.754,monthly,yfinance
AMDY,2024-05-06,0.511,8.013,76.528,monthly,yfinance
AMDY,2024-06-06,0.901,8.698,124.302,monthly,yfinance
AMDY,2024-07-05,0.735,9.022,97.756,monthly,yfinance
AMDY,2024-08-07,0.431,7.005,73.831,monthly,yfinance
AMDY,2024-09-06,0.929,7.351,151.657,monthly,yfinance
AMDY,2024-10-17,0.921,8.377,131.931,monthly,yfinance
AMDY,2024-11-14,0.814,7.768,125.747,monthly,yfinance
AMDY,2024-12-12,0.304,7.381,49.422,monthly,yfinance
AMDY,2025-01-08,0.34,6.97,58.537,monthly,yfinance
AMDY,2025-02-06,0.381,6.474,70.623,monthly,yfinance
AMDY,2025-03-06,0.253,5.964,50.903,monthly,yfinance
AMDY,2025-04-03,0.277,5.62,59.151,monthly,yfinance
AMDY,2025-05-01,0.337,5.658,71.473,monthly,yfinance
AMDY,2025-05-29,0.423,6.503,78.055,monthly,yfinance
AMDY,2025-06-26,0.463,7.702,72.133,monthly,yfinance
AMDY,2025-07-24,0.566,8.43,80.569,monthly,yfinance
DIPS,2024-09-06,1.217,12.495,116.881,monthly,yfinance
DIPS,2024-10-10,0.686,10.08,81.665,monthly,yfinance
DIPS,2024-11-07,0.613,9.012,81.623,monthly,yfinance
DIPS,2024-12-05,0.637,9.139,83.642,monthly,yfinance
DIPS,2025-01-03,0.506,9.022,67.302,monthly,yfinance
DIPS,2025-01-30,0.503,9.934,60.758,monthly,yfinance
DIPS,2025-02-27,0.585,9.983,70.32,monthly,yfinance
DIPS,2025-03-27,0.585,10.714,65.523,monthly,yfinance
DIPS,2025-04-24,0.619,10.378,71.576,monthly,yfinance
DIPS,2025-05-22,0.353,8.35,50.73,monthly,yfinance
DIPS,2025-06-20,0.292,7.968,43.974,monthly,yfinance
DIPS,2025-07-17,0.172,6.71,30.76,monthly,yfinance
SMCY,2024-10-24,5.354,23.01,279.212,monthly,yfinance
SMCY,2024-11-21,2.203,13.342,198.145,monthly,yfinance
SMCY,2024-12-19,2.355,14.052,201.105,monthly,yfinance
SMCY,2025-01-16,1.722,13.494,153.134,monthly,yfinance
SMCY,2025-02-13,2.09,16.796,149.319,monthly,yfinance
SMCY,2025-03-13,1.974,15.615,151.698,monthly,yfinance
SMCY,2025-04-10,1.501,13.441,134.007,monthly,yfinance
SMCY,2025-05-08,1.413,13.227,128.193,monthly,yfinance
SMCY,2025-06-05,1.58,15.491,122.397,monthly,yfinance
SMCY,2025-07-03,1.61,18.02,107.215,monthly,yfinance
SMCY,2025-07-31,1.852,21.16,105.028,monthly,yfinance
QQQY,2023-10-02,3.3,20.386,194.249,monthly,yfinance
QQQY,2023-11-01,3.0,20.153,178.635,monthly,yfinance
QQQY,2023-12-01,2.79,21.356,156.771,monthly,yfinance
QQQY,2023-12-28,1.86,22.269,100.231,monthly,yfinance
QQQY,2024-02-01,2.55,22.504,135.979,monthly,yfinance
QQQY,2024-03-01,2.4,23.011,125.16,monthly,yfinance
QQQY,2024-04-01,2.37,23.125,122.982,monthly,yfinance
QQQY,2024-05-01,2.577,22.072,140.102,monthly,yfinance
QQQY,2024-06-03,2.403,23.386,123.306,monthly,yfinance
QQQY,2024-07-01,1.971,24.441,96.773,monthly,yfinance
QQQY,2024-07-31,2.502,23.872,125.771,monthly,yfinance
QQQY,2024-09-03,3.459,23.166,179.175,monthly,yfinance
QQQY,2024-10-01,1.994,23.899,100.121,monthly,yfinance
QQQY,2024-10-10,0.345,24.252,17.071,monthly,yfinance
QQQY,2024-10-17,0.276,24.257,13.654,monthly,yfinance
QQQY,2024-10-24,0.274,24.267,13.549,monthly,yfinance
QQQY,2024-10-31,0.255,23.837,12.837,monthly,yfinance
QQQY,2024-11-07,0.266,24.557,12.998,monthly,yfinance
QQQY,2024-11-14,0.34,24.643,16.556,monthly,yfinance
QQQY,2024-11-21,0.246,24.517,12.041,monthly,yfinance
QQQY,2024-11-27,0.283,24.695,13.752,monthly,yfinance
QQQY,2024-12-05,0.231,25.039,11.071,monthly,yfinance
QQQY,2024-12-12,0.284,24.959,13.655,monthly,yfinance
QQQY,2024-12-19,0.231,24.14,11.483,monthly,yfinance
QQQY,2024-12-26,0.223,24.616,10.871,monthly,yfinance
QQQY,2024-12-31,0.239,23.914,11.993,monthly,yfinance
QQQY,2025-01-08,0.311,23.931,15.595,monthly,yfinance
QQQY,2025-01-16,0.302,23.759,15.253,monthly,yfinance
QQQY,2025-01-23,0.227,24.247,11.234,monthly,yfinance
QQQY,2025-01-30,0.076,23.958,3.807,monthly,yfinance
QQQY,2025-02-06,0.226,24.394,11.117,monthly,yfinance
QQQY,2025-02-13,0.226,24.561,11.042,monthly,yfinance
QQQY,2025-02-20,0.198,24.819,9.573,monthly,yfinance
QQQY,2025-02-27,0.194,23.317,9.984,monthly,yfinance
QQQY,2025-03-06,0.216,22.948,11.295,monthly,yfinance
QQQY,2025-03-13,0.295,22.518,15.721,monthly,yfinance
QQQY,2025-03-20,0.286,22.908,14.982,monthly,yfinance
QQQY,2025-03-27,0.287,22.972,14.992,monthly,yfinance
QQQY,2025-04-03,0.275,21.777,15.153,monthly,yfinance
QQQY,2025-04-10,0.249,20.353,14.681,monthly,yfinance
QQQY,2025-04-17,0.299,20.876,17.187,monthly,yfinance
QQQY,2025-04-24,0.296,21.265,16.704,monthly,yfinance
QQQY,2025-05-01,0.181,22.153,9.805,monthly,yfinance
QQQY,2025-05-08,0.187,22.557,9.948,monthly,yfinance
QQQY,2025-05-15,0.187,23.354,9.609,monthly,yfinance
QQQY,2025-05-22,0.193,23.44,9.881,monthly,yfinance
QQQY,2025-05-29,0.189,23.606,9.608,monthly,yfinance
QQQY,2025-06-05,0.191,23.968,9.563,monthly,yfinance
QQQY,2025-06-12,0.194,24.468,9.514,monthly,yfinance
QQQY,2025-06-18,0.194,24.265,9.594,monthly,yfinance
QQQY,2025-06-26,0.192,24.771,9.301,monthly,yfinance
QQQY,2025-07-03,0.195,25.035,9.347,monthly,yfinance
QQQY,2025-07-10,0.195,25.068,9.335,monthly,yfinance
QQQY,2025-07-17,0.194,25.432,9.154,monthly,yfinance
QQQY,2025-07-24,0.195,25.682,9.111,monthly,yfinance
QQQY,2025-07-31,0.187,25.886,8.669,monthly,yfinance
QQQY,2025-08-07,0.192,25.75,8.948,monthly,yfinance
NFLY,2023-09-08,0.419,7.862,63.951,monthly,yfinance
NFLY,2023-10-06,0.509,6.882,88.755,monthly,yfinance
NFLY,2023-11-08,0.439,7.703,68.386,monthly,yfinance
NFLY,2023-12-07,0.799,7.758,123.596,monthly,yfinance
NFLY,2024-01-05,0.796,8.015,119.17,monthly,yfinance
NFLY,2024-02-07,1.257,9.1,165.753,monthly,yfinance
NFLY,2024-03-06,0.73,9.405,93.144,monthly,yfinance
NFLY,2024-04-04,0.805,10.118,95.469,monthly,yfinance
NFLY,2024-05-06,0.967,9.688,119.773,monthly,yfinance
NFLY,2024-06-06,0.63,10.136,74.587,monthly,yfinance
NFLY,2024-07-05,0.377,10.825,41.794,monthly,yfinance
NFLY,2024-08-07,0.574,9.966,69.112,monthly,yfinance
NFLY,2024-09-06,0.51,10.51,58.23,monthly,yfinance
NFLY,2024-10-17,0.793,11.147,85.371,monthly,yfinance
NFLY,2024-11-14,0.784,13.161,71.484,monthly,yfinance
NFLY,2024-12-12,0.865,14.212,73.036,monthly,yfinance
NFLY,2025-01-08,0.583,13.521,51.743,monthly,yfinance
NFLY,2025-02-06,1.071,15.15,84.833,monthly,yfinance
NFLY,2025-03-06,0.401,13.684,35.164,monthly,yfinance
NFLY,2025-04-03,0.602,13.982,51.668,monthly,yfinance
NFLY,2025-05-01,0.923,16.458,67.301,monthly,yfinance
NFLY,2025-05-29,0.683,17.207,47.632,monthly,yfinance
NFLY,2025-06-26,0.43,18.453,27.962,monthly,yfinance
NFLY,2025-07-24,0.435,16.9,30.888,monthly,yfinance
SNOY,2024-07-05,0.933,10.64,105.222,monthly,yfinance
SNOY,2024-08-07,0.783,9.021,104.159,monthly,yfinance
SNOY,2024-09-06,0.863,8.964,115.532,monthly,yfinance
SNOY,2024-10-03,0.513,9.37,65.701,monthly,yfinance
SNOY,2024-10-31,0.559,9.622,69.716,monthly,yfinance
SNOY,2024-11-29,1.708,13.395,153.015,monthly,yfinance
SNOY,2024-12-27,0.568,12.208,55.833,monthly,yfinance
SNOY,2025-01-23,0.739,13.084,67.776,monthly,yfinance
SNOY,2025-02-20,0.921,13.899,79.515,monthly,yfinance
SNOY,2025-03-20,0.812,12.377,78.726,monthly,yfinance
SNOY,2025-04-17,0.686,11.365,72.431,monthly,yfinance
SNOY,2025-05-15,1.307,13.593,115.379,monthly,yfinance
SNOY,2025-06-12,1.276,15.402,99.418,monthly,yfinance
SNOY,2025-07-10,0.471,15.691,36.021,monthly,yfinance
SNOY,2025-08-07,0.455,15.32,35.64,monthly,yfinance
NVDY,2023-06-07,0.746,5.558,161.077,monthly,yfinance
NVDY,2023-07-07,0.957,6.001,191.359,monthly,yfinance
NVDY,2023-08-04,0.814,6.011,162.495,monthly,yfinance
NVDY,2023-09-08,0.93,6.385,174.789,monthly,yfinance
NVDY,2023-10-06,0.677,6.408,126.773,monthly,yfinance
NVDY,2023-11-08,0.415,6.308,78.942,monthly,yfinance
NVDY,2023-12-07,0.507,6.406,94.98,monthly,yfinance
NVDY,2024-01-05,0.626,6.833,109.936,monthly,yfinance
NVDY,2024-02-07,1.53,8.395,218.704,monthly,yfinance
NVDY,2024-03-06,2.622,10.459,300.838,monthly,yfinance
NVDY,2024-04-04,2.608,10.192,307.061,monthly,yfinance
NVDY,2024-05-06,1.199,10.74,133.972,monthly,yfinance
NVDY,2024-06-06,2.563,12.97,237.131,monthly,yfinance
NVDY,2024-07-05,2.471,13.631,217.532,monthly,yfinance
NVDY,2024-08-07,1.251,11.28,133.081,monthly,yfinance
NVDY,2024-09-06,1.355,11.594,140.24,monthly,yfinance
NVDY,2024-10-10,1.1,14.346,92.014,monthly,yfinance
NVDY,2024-11-07,1.023,15.634,78.522,monthly,yfinance
NVDY,2024-12-05,1.185,15.624,91.012,monthly,yfinance
NVDY,2025-01-03,0.898,15.443,69.781,monthly,yfinance
NVDY,2025-01-30,0.829,13.218,75.258,monthly,yfinance
NVDY,2025-02-27,1.612,12.97,149.147,monthly,yfinance
NVDY,2025-03-27,0.787,12.223,77.265,monthly,yfinance
NVDY,2025-04-24,0.673,11.518,70.114,monthly,yfinance
NVDY,2025-05-22,1.628,13.609,143.547,monthly,yfinance
NVDY,2025-06-20,0.672,14.927,54.022,monthly,yfinance
NVDY,2025-07-17,1.029,16.93,72.936,monthly,yfinance
PLTY,2024-11-07,2.201,32.54,81.168,monthly,yfinance
PLTY,2024-12-05,3.348,39.426,101.902,monthly,yfinance
PLTY,2025-01-03,3.589,43.044,100.055,monthly,yfinance
PLTY,2025-01-30,2.983,42.982,83.281,monthly,yfinance
PLTY,2025-02-27,5.938,43.47,163.92,monthly,yfinance
PLTY,2025-03-27,5.326,46.322,137.974,monthly,yfinance
PLTY,2025-04-24,4.656,50.381,110.9,monthly,yfinance
PLTY,2025-05-22,7.044,56.433,149.785,monthly,yfinance
PLTY,2025-06-20,3.26,62.081,63.015,monthly,yfinance
PLTY,2025-07-17,2.56,67.33,45.626,monthly,yfinance
